location,date,allbed_mean,allbed_lower,allbed_upper,ICUbed_mean,ICUbed_lower,ICUbed_upper,InvVen_mean,InvVen_lower,InvVen_upper,deaths_mean,deaths_lower,deaths_upper,admis_mean,admis_lower,admis_upper,newICU_mean,newICU_lower,newICU_upper,totdea_mean,totdea_lower,totdea_upper,bedover_mean,bedover_lower,bedover_upper,icuover_mean,icuover_lower,icuover_upper
Tennessee,2/6/20,0,0,0,0,0,0,0,0,0,0,0,0,0,0,0,0,0,0,0,0,0,0,0,0,0,0,0
Tennessee,2/7/20,0,0,0,0,0,0,0,0,0,0,0,0,0,0,0,0,0,0,0,0,0,0,0,0,0,0,0
Tennessee,2/8/20,0,0,0,0,0,0,0,0,0,0,0,0,0,0,0,0,0,0,0,0,0,0,0,0,0,0,0
Tennessee,2/9/20,0,0,0,0,0,0,0,0,0,0,0,0,0,0,0,0,0,0,0,0,0,0,0,0,0,0,0
Tennessee,2/10/20,0,0,0,0,0,0,0,0,0,0,0,0,0,0,0,0,0,0,0,0,0,0,0,0,0,0,0
Tennessee,2/11/20,0,0,0,0,0,0,0,0,0,0,0,0,0,0,0,0,0,0,0,0,0,0,0,0,0,0,0
Tennessee,2/12/20,0,0,0,0,0,0,0,0,0,0,0,0,0,0,0,0,0,0,0,0,0,0,0,0,0,0,0
Tennessee,2/13/20,0,0,0,0,0,0,0,0,0,0,0,0,0,0,0,0,0,0,0,0,0,0,0,0,0,0,0
Tennessee,2/14/20,0,0,0,0,0,0,0,0,0,0,0,0,0,0,0,0,0,0,0,0,0,0,0,0,0,0,0
Tennessee,2/15/20,0,0,0,0,0,0,0,0,0,0,0,0,0,0,0,0,0,0,0,0,0,0,0,0,0,0,0
Tennessee,2/16/20,0,0,0,0,0,0,0,0,0,0,0,0,0,0,0,0,0,0,0,0,0,0,0,0,0,0,0
Tennessee,2/17/20,0,0,0,0,0,0,0,0,0,0,0,0,0,0,0,0,0,0,0,0,0,0,0,0,0,0,0
Tennessee,2/18/20,0,0,0,0,0,0,0,0,0,0,0,0,0,0,0,0,0,0,0,0,0,0,0,0,0,0,0
Tennessee,2/19/20,0,0,0,0,0,0,0,0,0,0,0,0,0,0,0,0,0,0,0,0,0,0,0,0,0,0,0
Tennessee,2/20/20,0,0,0,0,0,0,0,0,0,0,0,0,0,0,0,0,0,0,0,0,0,0,0,0,0,0,0
Tennessee,2/21/20,0,0,0,0,0,0,0,0,0,0,0,0,0,0,0,0,0,0,0,0,0,0,0,0,0,0,0
Tennessee,2/22/20,0,0,0,0,0,0,0,0,0,0,0,0,0,0,0,0,0,0,0,0,0,0,0,0,0,0,0
Tennessee,2/23/20,0,0,0,0,0,0,0,0,0,0,0,0,0,0,0,0,0,0,0,0,0,0,0,0,0,0,0
Tennessee,2/24/20,0,0,0,0,0,0,0,0,0,0,0,0,0,0,0,0,0,0,0,0,0,0,0,0,0,0,0
Tennessee,2/25/20,0,0,0,0,0,0,0,0,0,0,0,0,0,0,0,0,0,0,0,0,0,0,0,0,0,0,0
Tennessee,2/26/20,0,0,0,0,0,0,0,0,0,0,0,0,0,0,0,0,0,0,0,0,0,0,0,0,0,0,0
Tennessee,2/27/20,0,0,0,0,0,0,0,0,0,0,0,0,0,0,0,0,0,0,0,0,0,0,0,0,0,0,0
Tennessee,2/28/20,0,0,0,0,0,0,0,0,0,0,0,0,0,0,0,0,0,0,0,0,0,0,0,0,0,0,0
Tennessee,2/29/20,0,0,0,0,0,0,0,0,0,0,0,0,0,0,0,0,0,0,0,0,0,0,0,0,0,0,0
Tennessee,3/1/20,0,0,0,0,0,0,0,0,0,0,0,0,0,0,0,0,0,0,0,0,0,0,0,0,0,0,0
Tennessee,3/2/20,0,0,0,0,0,0,0,0,0,0,0,0,0,0,0,0,0,0,0,0,0,0,0,0,0,0,0
Tennessee,3/3/20,0,0,0,0,0,0,0,0,0,0,0,0,0,0,0,0,0,0,0,0,0,0,0,0,0,0,0
Tennessee,3/4/20,0,0,0,0,0,0,0,0,0,0,0,0,0,0,0,0,0,0,0,0,0,0,0,0,0,0,0
Tennessee,3/5/20,0,0,0,0,0,0,0,0,0,0,0,0,0,0,0,0,0,0,0,0,0,0,0,0,0,0,0
Tennessee,3/6/20,0,0,0,0,0,0,0,0,0,0,0,0,0,0,0,0,0,0,0,0,0,0,0,0,0,0,0
Tennessee,3/7/20,0,0,0,0,0,0,0,0,0,0,0,0,0,0,0,0,0,0,0,0,0,0,0,0,0,0,0
Tennessee,3/8/20,0,0,0,0,0,0,0,0,0,0,0,0,0,0,0,0,0,0,0,0,0,0,0,0,0,0,0
Tennessee,3/9/20,0,0,0,0,0,0,0,0,0,0,0,0,0,0,0,0,0,0,0,0,0,0,0,0,0,0,0
Tennessee,3/10/20,0,0,0,0,0,0,0,0,0,0,0,0,0,0,0,0,0,0,0,0,0,0,0,0,0,0,0
Tennessee,3/11/20,0,0,0,0,0,0,0,0,0,0,0,0,0,0,0,0,0,0,0,0,0,0,0,0,0,0,0
Tennessee,3/12/20,2.182308405,0,12.25,0.537954401,0,3,0.425739286,0,2.4,0,0,0,2.182308405,0,12.25,0.537954401,0,3,0,0,0,0,0,0,0,0,0
Tennessee,3/13/20,4.37339632,0,16.34583333,1.046246861,0,4.252083333,0.832162229,0,3.430357143,0,0,0,2.191087915,0,12.25,0.50829246,0,2.75,0,0,0,0,0,0,0,0,0
Tennessee,3/14/20,10.59553763,4.992857143,22.34375,2.487389899,0.5,5.6,1.973042063,0.5,4.5,0,0,0,6.222141306,2.495833333,9.666666667,1.441143038,0.24375,3,0,0,0,0,0,0,0,0,0
Tennessee,3/15/20,16.78584791,10.24375,27.01071429,3.938309524,1.996428571,7,3.131506926,1,5.666666667,0,0,0,6.190310281,2.333333333,9.857142857,1.450919625,0.332142857,3,0,0,0,0,0,0,0,0,0
Tennessee,3/16/20,18.87221075,11.325,31.675,4.420237518,2,8.004166667,3.510953932,1.333333333,6.5,0,0,0,2.086362843,0,11,0.481927994,0,2.75,0,0,0,0,0,0,0,0,0
Tennessee,3/17/20,18.87221075,11.325,31.675,4.420237518,2,8.004166667,3.510953932,1.333333333,6.5,0,0,0,0,0,0,0,0,0,0,0,0,0,0,0,0,0,0
Tennessee,3/18/20,31.91614776,19.99583333,52,7.531622006,3.665,12.60444444,5.9803364,2.5,10.1675,0,0,0,13.04393701,4.24375,30.675,3.111384488,0.5,7.504166667,0,0,0,0,0,0,0,0,0
Tennessee,3/19/20,34.1785579,21,55.5125,8.069156818,3.75,14.00833333,6.408236219,2.6625,11,0,0,0,2.262410137,0,12.4,0.537534812,0,3.333333333,0,0,0,0,0,0,0,0,0
Tennessee,3/20/20,54.33039033,39.98333333,75.4025,12.40537706,7.5,18,9.887871789,6,14.5,0,0,0,20.66020866,11.83333333,32.25625,4.844596465,2.333333333,8.3375,0,0,0,0,0,0,0,0,0
Tennessee,3/21/20,73.41534235,52,102.35,16.49120776,10.5,23.8375,13.14228517,8,19.5,1,1,1,19.56239087,5.5,41.025,4.563269553,1,10,1,1,1,0,0,0,0,0,0
Tennessee,3/22/20,97.06187251,68.5975,132.50625,21.14533095,13.6625,30.5,16.87056028,10.5,24.5025,1,1,1,25.89114563,8,50.5125,6.124844408,1.5,13.00416667,2,2,2,0,0,0,0,0,0
Tennessee,3/23/20,152.7588466,119.4958333,192.7214286,33.43028539,24,44.01071429,26.64699978,19.195,35.5,0,0,0,57.93936616,37.49583333,87.0375,13.76672767,8.1625,21.5,2,2,2,0,0,0,0,0,0
Tennessee,3/24/20,234.6264992,195.3125,282.1208333,52.30968431,41.665,64,41.75591659,32.865625,52,0,0,0,82.31829131,57,114.01875,19.33003763,12.25,28,2,2,2,0,0,0,0,0,0
Tennessee,3/25/20,326.9703095,284,381.34,74.03175631,61,89,59.11411696,48.5,71.4025,1,1,1,92.34381028,65.74375,130.5125,21.72207201,14.5,32.14553571,3,3,3,0,0,0,0,0,0
Tennessee,3/26/20,446.7772933,389.5,516.8875,100.0900255,83.71309524,120,79.92068326,67,96,0,0,0,123.6184116,90,169.6875,29.11177377,19.996875,40.675,3,3,3,0,0,0,0,0,0
Tennessee,3/27/20,605.8870539,537.9875,690.525,137.5570366,118.4958333,161.5,110.007351,93.98125,128.35,3,3,3,161.165093,121.9916667,209.0035714,37.97453835,27.85238095,50.675,6,6,6,0,0,0,0,0,0
Tennessee,3/28/20,804.6504606,717.4958333,909.025,181.5119751,158.9886364,212.0125,145.1179259,126,168.3416667,1,1,1,207.5584826,160.65,269,48.85464975,36.99,64.5,7,7,7,0,0,0,0,0,0
Tennessee,3/29/20,1057.381475,935.5683333,1195.2575,238.8904889,207.23375,273,190.9534303,165.59125,220,1,1,1,262.018333,207.9972222,334.025,61.78501742,47.5,81,8,8,8,0,0,0,0,0,0
Tennessee,3/30/20,1373.954439,1216.665,1561.789583,310.230786,271.9875,359.0208333,248.0168693,217.96875,287.5,6,6,6,327.2896305,267.38375,404.0125,77.22490649,62.28571429,97.5,14,14,14,0,0,0,0,0,0
Tennessee,3/31/20,1755.092561,1537.394167,1997.5375,391.0008418,340.2354167,452.55,312.7188249,270.9972222,363.50625,9,9,9,400.9047358,323.9607143,487.05,94.43231025,74.621875,118.67,23,23,23,0,0,0,0,0,0
Tennessee,4/1/20,2213.983315,1923.443056,2528.025,486.2133312,417.7871429,563.5208333,388.9227506,332.3691964,450.5,9.165,9,10,485.0190146,398.3321429,593.0166667,114.4574492,92.84285714,143.5125,32.165,32,33,0,0,0,0,0,0
Tennessee,4/2/20,2749.055695,2381.254911,3151.575,599.6923501,514.8866667,692.5125,479.6519716,411.2216667,555.5,12.324,11,13,572.5509267,471.36875,708.5,135.010493,110,168.675,44.489,43,46,0,0,0,0,0,63.5125
Tennessee,4/3/20,3379.009235,2898.32619,3872.80625,728.7393887,620.6991071,845.0125,582.958039,495.971875,677.2075,16.279,15,18,669.8150841,547.775,822.0375,157.8905321,126.7722222,195.5,60.768,58,64,0,0,0,99.73938871,0,216.0125
Tennessee,4/4/20,4080.183209,3475.641667,4723.075,871.6581395,736.8468254,1019,697.1047758,587.6638889,818.5125,21.181,19,23,764.9544966,621.5121528,944.5958333,180.5595551,146.1147321,229.0125,81.949,77,87,0,0,0,242.6581395,107.8468254,390
Tennessee,4/5/20,4869.632867,4127.905833,5659.0125,1027.760752,859.7583333,1205.1125,822.0217079,687.5138889,969.0375,27.125,24,30,867.8612056,697.94,1075.5,204.5538693,164.2735714,255.0083333,109.074,101,117,0,0,0,398.7607518,230.7583333,576.1125
Tennessee,4/6/20,5733.008939,4809.391667,6689.7875,1193.841938,988.6222222,1416.5125,954.9783934,792.4166667,1131.554167,34.221,30,39,963.682398,764.1520833,1179.5875,227.4208592,178.4277778,284.05,143.295,130,156,0,0,0,564.8419377,359.6222222,787.5125
Tennessee,4/7/20,6650.586085,5547.383482,7768.6875,1367.087759,1123.763889,1622.26875,1093.704437,895.2629464,1302.05,42.487,36,48,1059.692615,843.9777778,1316.5375,249.9481916,198.7683333,312.0083333,185.782,167,204,0,0,0,738.0877585,494.7638889,993.26875
Tennessee,4/8/20,7616.297615,6311.659375,8978.15,1543.972782,1260.677083,1834.65,1235.091277,1003.484722,1469.65,51.872,44,59,1147.788296,902.1916667,1415.0875,270.6893025,210.2786111,336.725,237.654,211,263.025,0,0,1166.15,914.9727819,631.6770833,1205.65
Tennessee,4/9/20,8625.603459,7096.390625,10231.075,1719.010624,1392.066319,2065.0125,1375.000238,1113.777083,1657.0625,62.269,53,72,1225.743934,961.2888889,1550.5375,288.827258,224.6065972,366.5125,299.923,263.975,335,813.6034593,0,2419.075,1090.010624,763.0663194,1436.0125
Tennessee,4/10/20,9650.467791,7904.757292,11516.55625,1889.331104,1516.094444,2282.5375,1511.550518,1211.075,1828.025,73.464,62,85,1291.085734,1004.097222,1626.1,304.658146,235.5555556,392.0083333,373.387,325,420,1838.467791,92.75729167,3704.55625,1260.331104,887.0944444,1653.5375
Tennessee,4/11/20,10667.65497,8616.522569,12807.325,2048.240813,1625.3,2505.5125,1638.576936,1299.213889,2004.5,85.171,71,100,1340.262895,1015.758333,1716.8,316.1928054,239.8941667,408.525,458.558,395.975,520.025,2855.65497,804.5225694,4995.325,1419.240813,996.3,1876.5125
Tennessee,4/12/20,11655.52518,9338.040625,14089.0875,2192.565634,1732.527778,2683.0125,1754.1503,1382.058333,2148.5125,96.895,80,114,1374.116104,1032.372222,1758.025,324.236828,243.8888889,417.0125,555.453,477.925,633.05,3843.525179,1526.040625,6277.0875,1563.565634,1103.527778,2054.0125
Tennessee,4/13/20,12583.79871,9999.972222,15319.75,2315.460086,1807.091319,2859.1375,1852.685519,1444.684028,2297,108.217,88,128,1384.090862,1037.391667,1766.0625,326.6570709,243.775,421,663.67,565.975,761,4771.798705,2187.972222,7507.75,1686.460086,1178.091319,2230.1375
Tennessee,4/14/20,13427.4831,10573.1,16413.10417,2413.157331,1867.617708,2993.008333,1930.78415,1494.155556,2396.5375,120.154,97,144,1375.245481,1017.555556,1786.175,324.3500085,239.5711111,424.025,783.824,662.975,905.025,5615.483102,2761.1,8601.104167,1784.157331,1238.617708,2364.008333
Tennessee,4/15/20,14160.97156,11127.65833,17372.85417,2481.433159,1905.702778,3095.1,1985.337716,1518.105208,2474.05,131.448,105,158.025,1346.694036,987.8,1749.0875,317.5653725,233.2465278,416,915.272,769.95,1065.025,6348.971563,3315.658333,9560.854167,1852.433159,1276.702778,2466.1
Tennessee,4/16/20,14763.00452,11488.16667,18232.525,2518.449929,1909.493611,3170.5875,2014.947032,1519.896944,2527.575,141.703,112,172,1301.372953,950.9416667,1713.525,307.1435396,221.9972222,407.5125,1056.975,882.95,1235.075,6951.004524,3676.166667,10420.525,1889.449929,1280.493611,2541.5875
Tennessee,4/17/20,15214.45842,11712.34667,18880.7625,2521.597977,1896.833333,3192.0875,2017.561366,1513.511111,2547.0375,150.527,117.975,184,1235.802227,888.0357639,1635.1125,291.4198615,208.1246528,387.3625,1207.502,1000.95,1419.05,7402.458416,3900.346667,11068.7625,1892.597977,1267.833333,2563.0875
Tennessee,4/18/20,15498.27708,11847.47222,19319.2125,2490.438216,1867.180556,3168.525,1992.543539,1494.055556,2532.2125,157.547,121.975,194,1156.63677,823.4666667,1538.0125,273.1435683,192.7994444,370.5,1365.049,1124,1614.025,7686.27708,4035.472222,11507.2125,1861.438216,1238.180556,2539.525
Tennessee,4/19/20,15617.63407,11873.32222,19635.0875,2427.989145,1805.883333,3107.0375,1942.675405,1443.75,2477.0875,162.473,124,201.025,1072.572912,752.2475,1448.575,253.5885444,176.4364583,345.0375,1527.522,1251.95,1814.075,7805.634073,4061.322222,11823.0875,1798.989145,1176.883333,2478.0375
Tennessee,4/20/20,15557.45252,11738.25278,19647.3375,2334.108055,1709.536111,3003.5125,1867.687044,1367.291667,2398.575,165.113,125,206,975.1387876,670.875,1309.55,230.2936685,157.996875,311.5,1692.635,1377,2019.15,7745.452516,3926.252778,11835.3375,1705.108055,1080.536111,2374.5125
Tennessee,4/21/20,15327.93512,11477.43611,19427.4375,2213.672348,1607.261111,2876.575,1771.025537,1281.186111,2303.025,165.364,125,208,874.6223229,595.615625,1198.5125,206.3181899,137.6975,287.5125,1857.999,1504,2226.2,7515.935125,3665.436111,11615.4375,1584.672348,978.2611111,2247.575
Tennessee,4/22/20,14936.75518,11140.56111,19062.4125,2072.068318,1482.983333,2706.65,1657.839991,1189.516667,2159.6125,163.169,122,207,775.5645191,517.9138889,1086.025,182.9444171,120.4875,255.5125,2021.168,1628.875,2432.05,7124.755184,3328.561111,11250.4125,1443.068318,853.9833333,2077.65
Tennessee,4/23/20,14395.048,10600.99444,18535.5875,1913.636787,1359.347222,2545,1531.014526,1086.733333,2029.5125,158.656,117,203,675.787002,440.2041667,958.6,159.4038132,103.8535714,229.5,2179.824,1749.7,2633.025,6583.047998,2788.994444,10723.5875,1284.636787,730.3472222,1916
Tennessee,4/24/20,13721.18416,10038.21701,17803.7375,1743.297213,1220.520486,2335.5125,1394.836497,977.253125,1860.15,152.042,111,196,581.961511,366.3739583,822.0625,137.2084698,85.6625,197.0083333,2331.866,1853.8,2829.05,5909.184163,2226.217014,9991.7375,1114.297213,591.5204861,1706.5125
Tennessee,4/25/20,12936.06252,9356.525,16869.15,1567.763018,1083.43125,2101.575,1254.237207,866.4138889,1683.5125,143.555,103.975,187,493.2834744,307.2631313,702,116.4837097,72.159375,168.5,2475.421,1949.95,3015,5124.062519,1544.525,9057.15,938.7630176,454.43125,1472.575
Tennessee,4/26/20,12061.03197,8618.755556,15805.85,1391.083762,934.2335714,1880.125,1112.799899,748.2041667,1499.525,133.576,95,175,411.6149199,246.1330357,598.65,97.1093395,57.4975,144.0125,2608.997,2047.9,3183.175,4249.031967,806.7555556,7993.85,762.0837624,305.2335714,1251.125
Tennessee,4/27/20,11118.53029,7893.019097,14655.0875,1216.852899,798.4416667,1654.525,973.4215582,638.1722222,1323.5375,122.479,86.975,162,339.1413648,191.6583333,499.0333333,80.0245781,44.615625,120.0125,2731.476,2137.95,3344.2,3306.530293,81.01909722,6843.0875,587.8528995,169.4416667,1025.525
Tennessee,4/28/20,10137.28213,7105.413889,13425.65,1050.520717,678.1083333,1440.075,840.1692726,542.1755556,1148.625,110.686,77,147,274.661483,151.9857143,409.025,64.76731955,35.375,99,2842.162,2219,3491.2,2325.282127,0,5613.65,421.5207166,49.10833333,811.075
Tennessee,4/29/20,9141.565824,6295.784375,12168,895.6574872,566.8482143,1233.0375,716.3224,453.978125,984.5,98.579,67,132,220.9945073,117.7354167,333.025,52.20356118,27.996875,80.26041667,2940.741,2292.95,3622.225,1329.565824,0,4356,266.6574872,0,604.0375
Tennessee,4/30/20,8150.666201,5534.394444,10928.3625,753.1199078,462.234127,1051.525,602.3180881,367.8729167,838.0125,86.53,57,117,173.5387768,87.25,271.675,41.02255289,19.66666667,65.75625,3027.271,2353.925,3738.225,338.666201,0,3116.3625,124.1199078,0,422.525
Tennessee,5/1/20,7184.769393,4795.886111,9658.8875,624.8895522,373.8614583,870.5125,499.7578613,298.11875,697,74.825,48,102,134.7740956,64.49305556,214.0125,31.87690768,14.57142857,51.5,3102.096,2408.975,3839.225,0,0,1846.8875,0,0,241.5125
Tennessee,5/2/20,6263.16463,4094.745,8470.025,511.5360063,299.11875,719.0375,409.0538089,240.4625,576.525,63.787,40,87.025,103.401088,47.37118056,167.0416667,24.51372233,10.5,42,3165.883,2453.975,3926.225,0,0,658.025,0,0,90.0375
Tennessee,5/3/20,5399.393768,3467.996429,7327.0125,412.9656446,234.56875,583.5875,330.3731563,186.7340278,470,53.597,33,74,78.10754307,32.71142857,132.0083333,18.48501641,7.399375,32.5,3219.48,2492.85,3999.225,0,0,0,0,0,0
Tennessee,5/4/20,4600.07256,2911.79,6285.675,329.1534569,181.3107143,472.025,263.309223,143.995,378.5375,44.384,26,61.025,58.38715011,23.5,106.525,13.85293265,5.284821429,27,3263.864,2522.85,4060.225,0,0,0,0,0,0
Tennessee,5/5/20,3874.939631,2393.369196,5358.725,258.8190811,137.5975,376.5125,207.0206126,109.99375,302.5125,36.225,21,51,42.9964588,15.77261905,80,10.17112273,3.4,19.50416667,3300.089,2545.975,4110.225,0,0,0,0,0,0
Tennessee,5/6/20,3226.719598,1955.215909,4459.1,200.9627771,101.85,293.5125,160.7308043,80.74196429,235.3375,29.15,16,41,30.86067695,10.87455357,58,7.304751046,2.142857143,14.675,3329.239,2564.975,4150.225,0,0,0,0,0,0
Tennessee,5/7/20,2654.165862,1570.078125,3701.5375,153.6604504,74.13178571,228.0125,122.8937641,59.875,184.5,23.138,12.975,32.025,21.77332832,5.996875,44.0125,5.199215584,1.284821429,11.00833333,3352.377,2579.95,4182.225,0,0,0,0,0,0
Tennessee,5/8/20,2158.07649,1245.25,3014.0125,116.0217039,54.33214286,175.0083333,92.74545747,43.37395833,141,18.08,9,26,15.39931183,4.221666667,31.5125,3.64368943,0.714285714,8.3375,3370.457,2591.975,4207.225,0,0,0,0,0,0
Tennessee,5/9/20,1732.978671,974.6026786,2432.8125,86.37201115,38.621875,131,69.05661605,30.990625,106,13.915,7,20,10.46510916,0,24,2.464435317,0,6,3384.372,2599.975,4226.225,0,0,0,0,0,0
Tennessee,5/10/20,1375.07911,753.4697917,1946.025,63.41814228,26,101.5041667,50.69736364,21.2975,82.5,10.549,5,15,7.329345707,0,20,1.741865152,0,5,3394.921,2605.975,4241.225,0,0,0,0,0,0
Tennessee,5/11/20,1077.022575,568.2791667,1538.0125,45.73040812,17.2827381,76.0125,36.56377006,13.71309524,61.5,7.914,4,12,3.883260317,0,10,0.923528175,0,3,3402.835,2610.975,4252.225,0,0,0,0,0,0
Tennessee,5/12/20,833.5925422,417.1342857,1202.025,32.53175602,10.44404762,55.5125,25.99418142,8.571031746,45,5.843,2,9,3.193080952,0,9.666666667,0.757503175,0,3,3408.678,2613.975,4260.225,0,0,0,0,0,0
Tennessee,5/13/20,635.5546543,307.228125,923.0875,22.29501613,6.371875,40,17.8131013,5,32.25208333,4.269,2,6,0.159385714,0,2.683333333,0.039307143,0,0.008333333,3412.947,2615.975,4266.225,0,0,0,0,0,0
Tennessee,5/14/20,477.2956389,219.814881,708.5125,14.92196183,3.373958333,28.5,11.91828874,2.75,23.5,3.009,1,5,0,0,0,0,0,0,3415.956,2617.975,4271.2,0,0,0,0,0,0
Tennessee,5/15/20,354.0375148,154.9857143,535,9.679548232,1.666666667,19.60166667,7.76359246,1.373958333,16.3375,2.154,1,3,0,0,0,0,0,0,3418.11,2618.975,4274.2,0,0,0,0,0,0
Tennessee,5/16/20,258.8918984,109.6714286,393.0125,6.001880267,0,13,4.822324928,0,10.5125,1.494,0,2,0,0,0,0,0,0,3419.604,2619.975,4276.2,0,0,0,0,0,0
Tennessee,5/17/20,186.4092057,72.83125,293.7,3.513615188,0,9.008333333,2.816903788,0,7.504166667,0.991,0,2,0,0,0,0,0,0,3420.595,2620.975,4278.175,0,0,0,0,0,0
Tennessee,5/18/20,131.8631911,49.10039683,210,1.759676587,0,5.5,1.413690476,0,4.5,0.611,0,1,0,0,0,0,0,0,3421.206,2620.975,4279.175,0,0,0,0,0,0
Tennessee,5/19/20,91.58176638,31.276875,150.0083333,0.817379365,0,3.20125,0.65102619,0,2.75,0.513,0,1,0,0,0,0,0,0,3421.719,2620.975,4280.175,0,0,0,0,0,0
Tennessee,5/20/20,61.79162875,19.11116071,107.0125,0.040340476,0,0.008333333,0.031888095,0,0.005,0.027,0,1,0,0,0,0,0,0,3421.746,2620.975,4280.175,0,0,0,0,0,0
Tennessee,5/21/20,41.22114867,9.710714286,75.00357143,0,0,0,0,0,0,0,0,0,0,0,0,0,0,0,3421.746,2620.975,4280.175,0,0,0,0,0,0
Tennessee,5/22/20,26.77971566,5.332142857,51.675,0,0,0,0,0,0,0,0,0,0,0,0,0,0,0,3421.746,2620.975,4280.175,0,0,0,0,0,0
Tennessee,5/23/20,16.54603597,0,35.5,0,0,0,0,0,0,0,0,0,0,0,0,0,0,0,3421.746,2620.975,4280.175,0,0,0,0,0,0
Tennessee,5/24/20,9.609625108,0,24.00357143,0,0,0,0,0,0,0,0,0,0,0,0,0,0,0,3421.746,2620.975,4280.175,0,0,0,0,0,0
Tennessee,5/25/20,4.748379762,0,13.3375,0,0,0,0,0,0,0,0,0,0,0,0,0,0,0,3421.746,2620.975,4280.175,0,0,0,0,0,0
Tennessee,5/26/20,2.203050794,0,7.75125,0,0,0,0,0,0,0,0,0,0,0,0,0,0,0,3421.746,2620.975,4280.175,0,0,0,0,0,0
Tennessee,5/27/20,0.103345238,0,1.675,0,0,0,0,0,0,0,0,0,0,0,0,0,0,0,3421.746,2620.975,4280.175,0,0,0,0,0,0
Tennessee,5/28/20,0,0,0,0,0,0,0,0,0,0,0,0,0,0,0,0,0,0,3421.746,2620.975,4280.175,0,0,0,0,0,0
Tennessee,5/29/20,0,0,0,0,0,0,0,0,0,0,0,0,0,0,0,0,0,0,3421.746,2620.975,4280.175,0,0,0,0,0,0
Tennessee,5/30/20,0,0,0,0,0,0,0,0,0,0,0,0,0,0,0,0,0,0,3421.746,2620.975,4280.175,0,0,0,0,0,0
Tennessee,5/31/20,0,0,0,0,0,0,0,0,0,0,0,0,0,0,0,0,0,0,3421.746,2620.975,4280.175,0,0,0,0,0,0
Tennessee,6/1/20,0,0,0,0,0,0,0,0,0,0,0,0,0,0,0,0,0,0,3421.746,2620.975,4280.175,0,0,0,0,0,0
Tennessee,6/2/20,0,0,0,0,0,0,0,0,0,0,0,0,0,0,0,0,0,0,3421.746,2620.975,4280.175,0,0,0,0,0,0
Tennessee,6/3/20,0,0,0,0,0,0,0,0,0,0,0,0,0,0,0,0,0,0,3421.746,2620.975,4280.175,0,0,0,0,0,0
Tennessee,6/4/20,0,0,0,0,0,0,0,0,0,0,0,0,0,0,0,0,0,0,3421.746,2620.975,4280.175,0,0,0,0,0,0
Tennessee,6/5/20,0,0,0,0,0,0,0,0,0,0,0,0,0,0,0,0,0,0,3421.746,2620.975,4280.175,0,0,0,0,0,0
Tennessee,6/6/20,0,0,0,0,0,0,0,0,0,0,0,0,0,0,0,0,0,0,3421.746,2620.975,4280.175,0,0,0,0,0,0
Tennessee,6/7/20,0,0,0,0,0,0,0,0,0,0,0,0,0,0,0,0,0,0,3421.746,2620.975,4280.175,0,0,0,0,0,0
Tennessee,6/8/20,0,0,0,0,0,0,0,0,0,0,0,0,0,0,0,0,0,0,3421.746,2620.975,4280.175,0,0,0,0,0,0
Tennessee,6/9/20,0,0,0,0,0,0,0,0,0,0,0,0,0,0,0,0,0,0,3421.746,2620.975,4280.175,0,0,0,0,0,0
Tennessee,6/10/20,0,0,0,0,0,0,0,0,0,0,0,0,0,0,0,0,0,0,3421.746,2620.975,4280.175,0,0,0,0,0,0
Tennessee,6/11/20,0,0,0,0,0,0,0,0,0,0,0,0,0,0,0,0,0,0,3421.746,2620.975,4280.175,0,0,0,0,0,0
Tennessee,6/12/20,0,0,0,0,0,0,0,0,0,0,0,0,0,0,0,0,0,0,3421.746,2620.975,4280.175,0,0,0,0,0,0
Tennessee,6/13/20,0,0,0,0,0,0,0,0,0,0,0,0,0,0,0,0,0,0,3421.746,2620.975,4280.175,0,0,0,0,0,0
Tennessee,6/14/20,0,0,0,0,0,0,0,0,0,0,0,0,0,0,0,0,0,0,3421.746,2620.975,4280.175,0,0,0,0,0,0
Tennessee,6/15/20,0,0,0,0,0,0,0,0,0,0,0,0,0,0,0,0,0,0,3421.746,2620.975,4280.175,0,0,0,0,0,0
Tennessee,6/16/20,0,0,0,0,0,0,0,0,0,0,0,0,0,0,0,0,0,0,3421.746,2620.975,4280.175,0,0,0,0,0,0
Tennessee,6/17/20,0,0,0,0,0,0,0,0,0,0,0,0,0,0,0,0,0,0,3421.746,2620.975,4280.175,0,0,0,0,0,0
Tennessee,6/18/20,0,0,0,0,0,0,0,0,0,0,0,0,0,0,0,0,0,0,3421.746,2620.975,4280.175,0,0,0,0,0,0
Tennessee,6/19/20,0,0,0,0,0,0,0,0,0,0,0,0,0,0,0,0,0,0,3421.746,2620.975,4280.175,0,0,0,0,0,0
Tennessee,6/20/20,0,0,0,0,0,0,0,0,0,0,0,0,0,0,0,0,0,0,3421.746,2620.975,4280.175,0,0,0,0,0,0
Tennessee,6/21/20,0,0,0,0,0,0,0,0,0,0,0,0,0,0,0,0,0,0,3421.746,2620.975,4280.175,0,0,0,0,0,0
Tennessee,6/22/20,0,0,0,0,0,0,0,0,0,0,0,0,0,0,0,0,0,0,3421.746,2620.975,4280.175,0,0,0,0,0,0
Tennessee,6/23/20,0,0,0,0,0,0,0,0,0,0,0,0,0,0,0,0,0,0,3421.746,2620.975,4280.175,0,0,0,0,0,0
Tennessee,6/24/20,0,0,0,0,0,0,0,0,0,0,0,0,0,0,0,0,0,0,3421.746,2620.975,4280.175,0,0,0,0,0,0
Tennessee,6/25/20,0,0,0,0,0,0,0,0,0,0,0,0,0,0,0,0,0,0,3421.746,2620.975,4280.175,0,0,0,0,0,0
Tennessee,6/26/20,0,0,0,0,0,0,0,0,0,0,0,0,0,0,0,0,0,0,3421.746,2620.975,4280.175,0,0,0,0,0,0
Tennessee,6/27/20,0,0,0,0,0,0,0,0,0,0,0,0,0,0,0,0,0,0,3421.746,2620.975,4280.175,0,0,0,0,0,0
Tennessee,6/28/20,0,0,0,0,0,0,0,0,0,0,0,0,0,0,0,0,0,0,3421.746,2620.975,4280.175,0,0,0,0,0,0
Tennessee,6/29/20,0,0,0,0,0,0,0,0,0,0,0,0,0,0,0,0,0,0,3421.746,2620.975,4280.175,0,0,0,0,0,0
Tennessee,6/30/20,0,0,0,0,0,0,0,0,0,0,0,0,0,0,0,0,0,0,3421.746,2620.975,4280.175,0,0,0,0,0,0
Tennessee,7/1/20,0,0,0,0,0,0,0,0,0,0,0,0,0,0,0,0,0,0,3421.746,2620.975,4280.175,0,0,0,0,0,0
Tennessee,7/2/20,0,0,0,0,0,0,0,0,0,0,0,0,0,0,0,0,0,0,3421.746,2620.975,4280.175,0,0,0,0,0,0
Tennessee,7/3/20,0,0,0,0,0,0,0,0,0,0,0,0,0,0,0,0,0,0,3421.746,2620.975,4280.175,0,0,0,0,0,0
Tennessee,7/4/20,0,0,0,0,0,0,0,0,0,0,0,0,0,0,0,0,0,0,3421.746,2620.975,4280.175,0,0,0,0,0,0
Tennessee,7/5/20,0,0,0,0,0,0,0,0,0,0,0,0,0,0,0,0,0,0,3421.746,2620.975,4280.175,0,0,0,0,0,0
Tennessee,7/6/20,0,0,0,0,0,0,0,0,0,0,0,0,0,0,0,0,0,0,3421.746,2620.975,4280.175,0,0,0,0,0,0
Tennessee,7/7/20,0,0,0,0,0,0,0,0,0,0,0,0,0,0,0,0,0,0,3421.746,2620.975,4280.175,0,0,0,0,0,0
Tennessee,7/8/20,0,0,0,0,0,0,0,0,0,0,0,0,0,0,0,0,0,0,3421.746,2620.975,4280.175,0,0,0,0,0,0
Tennessee,7/9/20,0,0,0,0,0,0,0,0,0,0,0,0,0,0,0,0,0,0,3421.746,2620.975,4280.175,0,0,0,0,0,0
Tennessee,7/10/20,0,0,0,0,0,0,0,0,0,0,0,0,0,0,0,0,0,0,3421.746,2620.975,4280.175,0,0,0,0,0,0
Tennessee,7/11/20,0,0,0,0,0,0,0,0,0,0,0,0,0,0,0,0,0,0,3421.746,2620.975,4280.175,0,0,0,0,0,0
Tennessee,7/12/20,0,0,0,0,0,0,0,0,0,0,0,0,0,0,0,0,0,0,3421.746,2620.975,4280.175,0,0,0,0,0,0
Tennessee,7/13/20,0,0,0,0,0,0,0,0,0,0,0,0,0,0,0,0,0,0,3421.746,2620.975,4280.175,0,0,0,0,0,0
Tennessee,7/14/20,0,0,0,0,0,0,0,0,0,0,0,0,0,0,0,0,0,0,3421.746,2620.975,4280.175,0,0,0,0,0,0
Tennessee,7/15/20,0,0,0,0,0,0,0,0,0,0,0,0,0,0,0,0,0,0,3421.746,2620.975,4280.175,0,0,0,0,0,0
Tennessee,7/16/20,0,0,0,0,0,0,0,0,0,0,0,0,0,0,0,0,0,0,3421.746,2620.975,4280.175,0,0,0,0,0,0
Tennessee,7/17/20,0,0,0,0,0,0,0,0,0,0,0,0,0,0,0,0,0,0,3421.746,2620.975,4280.175,0,0,0,0,0,0
Tennessee,7/18/20,0,0,0,0,0,0,0,0,0,0,0,0,0,0,0,0,0,0,3421.746,2620.975,4280.175,0,0,0,0,0,0
Tennessee,7/19/20,0,0,0,0,0,0,0,0,0,0,0,0,0,0,0,0,0,0,3421.746,2620.975,4280.175,0,0,0,0,0,0
Tennessee,7/20/20,0,0,0,0,0,0,0,0,0,0,0,0,0,0,0,0,0,0,3421.746,2620.975,4280.175,0,0,0,0,0,0
Tennessee,7/21/20,0,0,0,0,0,0,0,0,0,0,0,0,0,0,0,0,0,0,3421.746,2620.975,4280.175,0,0,0,0,0,0
Tennessee,7/22/20,0,0,0,0,0,0,0,0,0,0,0,0,0,0,0,0,0,0,3421.746,2620.975,4280.175,0,0,0,0,0,0
Tennessee,7/23/20,0,0,0,0,0,0,0,0,0,0,0,0,0,0,0,0,0,0,3421.746,2620.975,4280.175,0,0,0,0,0,0
Tennessee,7/24/20,0,0,0,0,0,0,0,0,0,0,0,0,0,0,0,0,0,0,3421.746,2620.975,4280.175,0,0,0,0,0,0
Tennessee,7/25/20,0,0,0,0,0,0,0,0,0,0,0,0,0,0,0,0,0,0,3421.746,2620.975,4280.175,0,0,0,0,0,0
Tennessee,7/26/20,0,0,0,0,0,0,0,0,0,0,0,0,0,0,0,0,0,0,3421.746,2620.975,4280.175,0,0,0,0,0,0
Tennessee,7/27/20,0,0,0,0,0,0,0,0,0,0,0,0,0,0,0,0,0,0,3421.746,2620.975,4280.175,0,0,0,0,0,0
Tennessee,7/28/20,0,0,0,0,0,0,0,0,0,0,0,0,0,0,0,0,0,0,3421.746,2620.975,4280.175,0,0,0,0,0,0
Tennessee,7/29/20,0,0,0,0,0,0,0,0,0,0,0,0,0,0,0,0,0,0,3421.746,2620.975,4280.175,0,0,0,0,0,0
Tennessee,7/30/20,0,0,0,0,0,0,0,0,0,0,0,0,0,0,0,0,0,0,3421.746,2620.975,4280.175,0,0,0,0,0,0
Tennessee,7/31/20,0,0,0,0,0,0,0,0,0,0,0,0,0,0,0,0,0,0,3421.746,2620.975,4280.175,0,0,0,0,0,0
Tennessee,8/1/20,0,0,0,0,0,0,0,0,0,0,0,0,0,0,0,0,0,0,3421.746,2620.975,4280.175,0,0,0,0,0,0
Tennessee,8/2/20,0,0,0,0,0,0,0,0,0,0,0,0,0,0,0,0,0,0,3421.746,2620.975,4280.175,0,0,0,0,0,0
Tennessee,8/3/20,0,0,0,0,0,0,0,0,0,0,0,0,0,0,0,0,0,0,3421.746,2620.975,4280.175,0,0,0,0,0,0
Tennessee,8/4/20,0,0,0,0,0,0,0,0,0,0,0,0,0,0,0,0,0,0,3421.746,2620.975,4280.175,0,0,0,0,0,0