"","V1","location_name","date","allbed_mean","allbed_lower","allbed_upper","ICUbed_mean","ICUbed_lower","ICUbed_upper","InvVen_mean","InvVen_lower","InvVen_upper","deaths_mean","deaths_lower","deaths_upper","admis_mean","admis_lower","admis_upper","newICU_mean","newICU_lower","newICU_upper","totdea_mean","totdea_lower","totdea_upper","bedover_mean","bedover_lower","bedover_upper","icuover_mean","icuover_lower","icuover_upper","deaths_mean_smoothed","deaths_lower_smoothed","deaths_upper_smoothed","totdea_mean_smoothed","totdea_lower_smoothed","totdea_upper_smoothed","mobility_data_type","mobility_composite","total_tests_data_type","total_tests","confirmed_infections","est_infections_mean","est_infections_lower","est_infections_upper"
"1",44252,"Tennessee","2019-12-13",0,0,0,0,0,0,0,0,0,0,0,0,0,0,0,0,0,0,0,0,0,0,0,0,0,0,0,NA,NA,NA,NA,NA,NA,"",NA,"",NA,NA,NA,NA,NA
"2",44253,"Tennessee","2019-12-14",0,0,0,0,0,0,0,0,0,0,0,0,0,0,0,0,0,0,0,0,0,0,0,0,0,0,0,NA,NA,NA,NA,NA,NA,"",NA,"",NA,NA,NA,NA,NA
"3",44254,"Tennessee","2019-12-15",0,0,0,0,0,0,0,0,0,0,0,0,0,0,0,0,0,0,0,0,0,0,0,0,0,0,0,NA,NA,NA,NA,NA,NA,"",NA,"",NA,NA,NA,NA,NA
"4",44255,"Tennessee","2019-12-16",0,0,0,0,0,0,0,0,0,0,0,0,0,0,0,0,0,0,0,0,0,0,0,0,0,0,0,NA,NA,NA,NA,NA,NA,"",NA,"",NA,NA,NA,NA,NA
"5",44256,"Tennessee","2019-12-17",0,0,0,0,0,0,0,0,0,0,0,0,0,0,0,0,0,0,0,0,0,0,0,0,0,0,0,NA,NA,NA,NA,NA,NA,"",NA,"",NA,NA,NA,NA,NA
"6",44257,"Tennessee","2019-12-18",0,0,0,0,0,0,0,0,0,0,0,0,0,0,0,0,0,0,0,0,0,0,0,0,0,0,0,NA,NA,NA,NA,NA,NA,"",NA,"",NA,NA,NA,NA,NA
"7",44258,"Tennessee","2019-12-19",0,0,0,0,0,0,0,0,0,0,0,0,0,0,0,0,0,0,0,0,0,0,0,0,0,0,0,NA,NA,NA,NA,NA,NA,"",NA,"",NA,NA,NA,NA,NA
"8",44259,"Tennessee","2019-12-20",0,0,0,0,0,0,0,0,0,0,0,0,0,0,0,0,0,0,0,0,0,0,0,0,0,0,0,NA,NA,NA,NA,NA,NA,"",NA,"",NA,NA,NA,NA,NA
"9",44260,"Tennessee","2019-12-21",0,0,0,0,0,0,0,0,0,0,0,0,0,0,0,0,0,0,0,0,0,0,0,0,0,0,0,NA,NA,NA,NA,NA,NA,"",NA,"",NA,NA,NA,NA,NA
"10",44261,"Tennessee","2019-12-22",0,0,0,0,0,0,0,0,0,0,0,0,0,0,0,0,0,0,0,0,0,0,0,0,0,0,0,NA,NA,NA,NA,NA,NA,"",NA,"",NA,NA,NA,NA,NA
"11",44262,"Tennessee","2019-12-23",0,0,0,0,0,0,0,0,0,0,0,0,0,0,0,0,0,0,0,0,0,0,0,0,0,0,0,NA,NA,NA,NA,NA,NA,"",NA,"",NA,NA,NA,NA,NA
"12",44263,"Tennessee","2019-12-24",0,0,0,0,0,0,0,0,0,0,0,0,0,0,0,0,0,0,0,0,0,0,0,0,0,0,0,NA,NA,NA,NA,NA,NA,"",NA,"",NA,NA,NA,NA,NA
"13",44264,"Tennessee","2019-12-25",0,0,0,0,0,0,0,0,0,0,0,0,0,0,0,0,0,0,0,0,0,0,0,0,0,0,0,NA,NA,NA,NA,NA,NA,"",NA,"",NA,NA,NA,NA,NA
"14",44265,"Tennessee","2019-12-26",0,0,0,0,0,0,0,0,0,0,0,0,0,0,0,0,0,0,0,0,0,0,0,0,0,0,0,NA,NA,NA,NA,NA,NA,"",NA,"",NA,NA,NA,NA,NA
"15",44266,"Tennessee","2019-12-27",0,0,0,0,0,0,0,0,0,0,0,0,0,0,0,0,0,0,0,0,0,0,0,0,0,0,0,NA,NA,NA,NA,NA,NA,"",NA,"",NA,NA,NA,NA,NA
"16",44267,"Tennessee","2019-12-28",0,0,0,0,0,0,0,0,0,0,0,0,0,0,0,0,0,0,0,0,0,0,0,0,0,0,0,NA,NA,NA,NA,NA,NA,"",NA,"",NA,NA,NA,NA,NA
"17",44268,"Tennessee","2019-12-29",0,0,0,0,0,0,0,0,0,0,0,0,0,0,0,0,0,0,0,0,0,0,0,0,0,0,0,NA,NA,NA,NA,NA,NA,"",NA,"",NA,NA,NA,NA,NA
"18",44269,"Tennessee","2019-12-30",0,0,0,0,0,0,0,0,0,0,0,0,0,0,0,0,0,0,0,0,0,0,0,0,0,0,0,NA,NA,NA,NA,NA,NA,"",NA,"",NA,NA,NA,NA,NA
"19",44270,"Tennessee","2019-12-31",0,0,0,0,0,0,0,0,0,0,0,0,0,0,0,0,0,0,0,0,0,0,0,0,0,0,0,NA,NA,NA,NA,NA,NA,"",NA,"",NA,NA,NA,NA,NA
"20",44271,"Tennessee","2020-01-01",0,0,0,0,0,0,0,0,0,0,0,0,0,0,0,0,0,0,0,0,0,0,0,0,0,0,0,NA,NA,NA,NA,NA,NA,"",NA,"",NA,NA,NA,NA,NA
"21",44272,"Tennessee","2020-01-02",0,0,0,0,0,0,0,0,0,0,0,0,0,0,0,0,0,0,0,0,0,0,0,0,0,0,0,NA,NA,NA,NA,NA,NA,"",NA,"",NA,NA,0,0,0
"22",44273,"Tennessee","2020-01-03",0,0,0,0,0,0,0,0,0,0,0,0,0,0,0,0,0,0,0,0,0,0,0,0,0,0,0,NA,NA,NA,NA,NA,NA,"",NA,"",NA,NA,0,0,0
"23",44274,"Tennessee","2020-01-04",0,0,0,0,0,0,0,0,0,0,0,0,0,0,0,0,0,0,0,0,0,0,0,0,0,0,0,NA,NA,NA,NA,NA,NA,"",NA,"",NA,NA,0,0,0
"24",44275,"Tennessee","2020-01-05",0,0,0,0,0,0,0,0,0,0,0,0,0,0,0,0,0,0,0,0,0,0,0,0,0,0,0,NA,NA,NA,NA,NA,NA,"",NA,"",NA,NA,0,0,0
"25",44276,"Tennessee","2020-01-06",0,0,0,0,0,0,0,0,0,0,0,0,0,0,0,0,0,0,0,0,0,0,0,0,0,0,0,NA,NA,NA,NA,NA,NA,"",NA,"",NA,NA,0,0,0
"26",44277,"Tennessee","2020-01-07",0,0,0,0,0,0,0,0,0,0,0,0,0,0,0,0,0,0,0,0,0,0,0,0,0,0,0,NA,NA,NA,NA,NA,NA,"",NA,"",NA,NA,0,0,0
"27",44278,"Tennessee","2020-01-08",0,0,0,0,0,0,0,0,0,0,0,0,0,0,0,0,0,0,0,0,0,0,0,0,0,0,0,NA,NA,NA,NA,NA,NA,"",NA,"",NA,NA,0,0,0
"28",44279,"Tennessee","2020-01-09",0,0,0,0,0,0,0,0,0,0,0,0,0,0,0,0,0,0,0,0,0,0,0,0,0,0,0,NA,NA,NA,NA,NA,NA,"",NA,"",NA,NA,0,0,0
"29",44280,"Tennessee","2020-01-10",0,0,0,0,0,0,0,0,0,0,0,0,0,0,0,0,0,0,0,0,0,0,0,0,0,0,0,NA,NA,NA,NA,NA,NA,"",NA,"",NA,NA,0,0,0
"30",44281,"Tennessee","2020-01-11",0,0,0,0,0,0,0,0,0,0,0,0,0,0,0,0,0,0,0,0,0,0,0,0,0,0,0,NA,NA,NA,NA,NA,NA,"",NA,"",NA,NA,0,0,0
"31",44282,"Tennessee","2020-01-12",0,0,0,0,0,0,0,0,0,0,0,0,0,0,0,0,0,0,0,0,0,0,0,0,0,0,0,NA,NA,NA,NA,NA,NA,"",NA,"",NA,NA,0,0,0
"32",44283,"Tennessee","2020-01-13",0,0,0,0,0,0,0,0,0,0,0,0,0,0,0,0,0,0,0,0,0,0,0,0,0,0,0,NA,NA,NA,NA,NA,NA,"",NA,"",NA,NA,0,0,0
"33",44284,"Tennessee","2020-01-14",0,0,0,0,0,0,0,0,0,0,0,0,0,0,0,0,0,0,0,0,0,0,0,0,0,0,0,NA,NA,NA,NA,NA,NA,"",NA,"",NA,NA,0,0,0
"34",44285,"Tennessee","2020-01-15",0,0,0,0,0,0,0,0,0,0,0,0,0,0,0,0,0,0,0,0,0,0,0,0,0,0,0,NA,NA,NA,NA,NA,NA,"",NA,"",NA,NA,0,0,0
"35",44286,"Tennessee","2020-01-16",0,0,0,0,0,0,0,0,0,0,0,0,0,0,0,0,0,0,0,0,0,0,0,0,0,0,0,NA,NA,NA,NA,NA,NA,"",NA,"",NA,NA,0,0,0
"36",44287,"Tennessee","2020-01-17",0,0,0,0,0,0,0,0,0,0,0,0,0,0,0,0,0,0,0,0,0,0,0,0,0,0,0,NA,NA,NA,NA,NA,NA,"",NA,"",NA,NA,0,0,0
"37",44288,"Tennessee","2020-01-18",0,0,0,0,0,0,0,0,0,0,0,0,0,0,0,0,0,0,0,0,0,0,0,0,0,0,0,NA,NA,NA,NA,NA,NA,"",NA,"",NA,NA,0,0,0
"38",44289,"Tennessee","2020-01-19",0,0,0,0,0,0,0,0,0,0,0,0,0,0,0,0,0,0,0,0,0,0,0,0,0,0,0,NA,NA,NA,NA,NA,NA,"",NA,"",NA,NA,0,0,0
"39",44290,"Tennessee","2020-01-20",0,0,0,0,0,0,0,0,0,0,0,0,0,0,0,0,0,0,0,0,0,0,0,0,0,0,0,NA,NA,NA,NA,NA,NA,"",NA,"",NA,NA,0,0,0
"40",44291,"Tennessee","2020-01-21",0,0,0,0,0,0,0,0,0,0,0,0,0,0,0,0,0,0,0,0,0,0,0,0,0,0,0,NA,NA,NA,NA,NA,NA,"",NA,"",NA,NA,0,0,0
"41",44292,"Tennessee","2020-01-22",0,0,0,0,0,0,0,0,0,0,0,0,0,0,0,0,0,0,0,0,0,0,0,0,0,0,0,NA,NA,NA,NA,NA,NA,"",NA,"",NA,NA,0,0,0
"42",44293,"Tennessee","2020-01-23",0,0,0,0,0,0,0,0,0,0,0,0,0,0,0,0,0,0,0,0,0,0,0,0,0,0,0,NA,NA,NA,NA,NA,NA,"",NA,"",NA,NA,0,0,0
"43",44294,"Tennessee","2020-01-24",0,0,0,0,0,0,0,0,0,0,0,0,0,0,0,0,0,0,0,0,0,0,0,0,0,0,0,NA,NA,NA,NA,NA,NA,"",NA,"",NA,NA,0,0,0
"44",44295,"Tennessee","2020-01-25",0,0,0,0,0,0,0,0,0,0,0,0,0,0,0,0,0,0,0,0,0,0,0,0,0,0,0,NA,NA,NA,NA,NA,NA,"",NA,"",NA,NA,0,0,0
"45",44296,"Tennessee","2020-01-26",0,0,0,0,0,0,0,0,0,0,0,0,0,0,0,0,0,0,0,0,0,0,0,0,0,0,0,NA,NA,NA,NA,NA,NA,"",NA,"",NA,NA,0,0,0
"46",44297,"Tennessee","2020-01-27",0,0,0,0,0,0,0,0,0,0,0,0,0,0,0,0,0,0,0,0,0,0,0,0,0,0,0,NA,NA,NA,NA,NA,NA,"",NA,"",NA,NA,0,0,0
"47",44298,"Tennessee","2020-01-28",0,0,0,0,0,0,0,0,0,0,0,0,0,0,0,0,0,0,0,0,0,0,0,0,0,0,0,NA,NA,NA,NA,NA,NA,"",NA,"",NA,NA,0,0,0
"48",44299,"Tennessee","2020-01-29",0,0,0,0,0,0,0,0,0,0,0,0,0,0,0,0,0,0,0,0,0,0,0,0,0,0,0,NA,NA,NA,NA,NA,NA,"",NA,"",NA,NA,0,0,0
"49",44300,"Tennessee","2020-01-30",0,0,0,0,0,0,0,0,0,0,0,0,0,0,0,0,0,0,0,0,0,0,0,0,0,0,0,NA,NA,NA,NA,NA,NA,"",NA,"",NA,NA,0,0,0
"50",44301,"Tennessee","2020-01-31",0,0,0,0,0,0,0,0,0,0,0,0,0,0,0,0,0,0,0,0,0,0,0,0,0,0,0,NA,NA,NA,NA,NA,NA,"",NA,"",NA,NA,0,0,0
"51",44302,"Tennessee","2020-02-01",0,0,0,0,0,0,0,0,0,0,0,0,0,0,0,0,0,0,0,0,0,0,0,0,0,0,0,NA,NA,NA,NA,NA,NA,"",NA,"",NA,NA,0,0,0
"52",44303,"Tennessee","2020-02-02",0,0,0,0,0,0,0,0,0,0,0,0,0,0,0,0,0,0,0,0,0,0,0,0,0,0,0,NA,NA,NA,NA,NA,NA,"",NA,"",NA,NA,0,0,0
"53",44304,"Tennessee","2020-02-03",0,0,0,0,0,0,0,0,0,0,0,0,0,0,0,0,0,0,0,0,0,0,0,0,0,0,0,NA,NA,NA,NA,NA,NA,"",NA,"",NA,NA,0,0,0
"54",44305,"Tennessee","2020-02-04",0,0,0,0,0,0,0,0,0,0,0,0,0,0,0,0,0,0,0,0,0,0,0,0,0,0,0,NA,NA,NA,NA,NA,NA,"",NA,"",NA,NA,0,0,0
"55",44306,"Tennessee","2020-02-05",0,0,0,0,0,0,0,0,0,0,0,0,0,0,0,0,0,0,0,0,0,0,0,0,0,0,0,NA,NA,NA,NA,NA,NA,"",NA,"",NA,NA,0,0,0
"56",44307,"Tennessee","2020-02-06",0,0,0,0,0,0,0,0,0,0,0,0,0,0,0,0,0,0,0,0,0,0,0,0,0,0,0,NA,NA,NA,NA,NA,NA,"",NA,"",NA,NA,0,0,0
"57",44308,"Tennessee","2020-02-07",0,0,0,0,0,0,0,0,0,0,0,0,0,0,0,0,0,0,0,0,0,0,0,0,0,0,0,NA,NA,NA,NA,NA,NA,"",NA,"",NA,NA,0,0,0
"58",44309,"Tennessee","2020-02-08",0,0,0,0,0,0,0,0,0,0,0,0,0,0,0,0,0,0,0,0,0,0,0,0,0,0,0,NA,NA,NA,NA,NA,NA,"observed",-3.57920509472753,"",NA,NA,0,0,0
"59",44310,"Tennessee","2020-02-09",0,0,0,0,0,0,0,0,0,0,0,0,0,0,0,0,0,0,0,0,0,0,0,0,0,0,0,NA,NA,NA,NA,NA,NA,"observed",-2.92427785748364,"",NA,NA,0,0,0
"60",44311,"Tennessee","2020-02-10",0,0,0,0,0,0,0,0,0,0,0,0,0,0,0,0,0,0,0,0,0,0,0,0,0,0,0,NA,NA,NA,NA,NA,NA,"observed",-2.01604570664102,"",NA,NA,0,0,0
"61",44312,"Tennessee","2020-02-11",0,0,0,0,0,0,0,0,0,0,0,0,0,0,0,0,0,0,0,0,0,0,0,0,0,0,0,NA,NA,NA,NA,NA,NA,"observed",-0.975521729608463,"",NA,NA,0,0,0
"62",44313,"Tennessee","2020-02-12",0,0,0,0,0,0,0,0,0,0,0,0,0,0,0,0,0,0,0,0,0,0,0,0,0,0,0,NA,NA,NA,NA,NA,NA,"observed",0.0700489168169298,"",NA,NA,0,0,0
"63",44314,"Tennessee","2020-02-13",0,0,0,0,0,0,0,0,0,0,0,0,0,0,0,0,0,0,0,0,0,0,0,0,0,0,0,NA,NA,NA,NA,NA,NA,"observed",1.00935135405762,"",NA,NA,0,0,0
"64",44315,"Tennessee","2020-02-14",0,0,0,0,0,0,0,0,0,0,0,0,0,0,0,0,0,0,0,0,0,0,0,0,0,0,0,NA,NA,NA,NA,NA,NA,"observed",1.76194803822098,"",NA,NA,2.13091799497408,0,13.8908931683804
"65",44316,"Tennessee","2020-02-15",0,0,0,0,0,0,0,0,0,0,0,0,0,0,0,0,0,0,0,0,0,0,0,0,0,0,0,NA,NA,NA,NA,NA,NA,"observed",2.28610694043759,"",NA,NA,2.36599950515921,0,13.9410658982617
"66",44317,"Tennessee","2020-02-16",0,0,0,0,0,0,0,0,0,0,0,0,0,0,0,0,0,0,0,0,0,0,0,0,0,0,0,NA,NA,NA,NA,NA,NA,"observed",2.58230510601486,"",NA,NA,2.24186215687185,0,13.3378523749857
"67",44318,"Tennessee","2020-02-17",0,0,0,0,0,0,0,0,0,0,0,0,0,0,0,0,0,0,0,0,0,0,0,0,0,0,0,NA,NA,NA,NA,NA,NA,"observed",2.69351004308847,"",NA,NA,2.36897818841628,0,13.9325136920229
"68",44319,"Tennessee","2020-02-18",0,0,0,0,0,0,0,0,0,0,0,0,0,0,0,0,0,0,0,0,0,0,0,0,0,0,0,NA,NA,NA,NA,NA,NA,"observed",2.68605249640739,"",NA,NA,2.49272018939983,0,13.9925814511534
"69",44320,"Tennessee","2020-02-19",0,0,0,0,0,0,0,0,0,0,0,0,0,0,0,0,0,0,0,0,0,0,0,0,0,0,0,NA,NA,NA,NA,NA,NA,"observed",2.62180330741636,"",NA,NA,0,0,0
"70",44321,"Tennessee","2020-02-20",0,0,0,0,0,0,0,0,0,0,0,0,0,0,0,0,0,0,0,0,0,0,0,0,0,0,0,NA,NA,NA,NA,NA,NA,"observed",2.55175403183559,"",NA,NA,0,0,0
"71",44322,"Tennessee","2020-02-21",0,0,0,0,0,0,0,0,0,0,0,0,0,0,0,0,0,0,0,0,0,0,0,0,0,0,0,NA,NA,NA,NA,NA,NA,"observed",2.52221456259792,"",NA,NA,0,0,0
"72",44323,"Tennessee","2020-02-22",0,0,0,0,0,0,0,0,0,0,0,0,0,0,0,0,0,0,0,0,0,0,0,0,0,0,0,NA,NA,NA,NA,NA,NA,"observed",2.56505457597048,"",NA,NA,0,0,0
"73",44324,"Tennessee","2020-02-23",0,0,0,0,0,0,0,0,0,0,0,0,0,0,0,0,0,0,0,0,0,0,0,0,0,0,0,NA,NA,NA,NA,NA,NA,"observed",2.69933454179824,"",NA,NA,0,0,0
"74",44325,"Tennessee","2020-02-24",0,0,0,0,0,0,0,0,0,0,0,0,0,0,0,0,0,0,0,0,0,0,0,0,0,0,0,NA,NA,NA,NA,NA,NA,"observed",2.92659904150951,"",NA,NA,0,0,0
"75",44326,"Tennessee","2020-02-25",0,0,0,0,0,0,0,0,0,0,0,0,0,0,0,0,0,0,0,0,0,0,0,0,0,0,0,NA,NA,NA,NA,NA,NA,"observed",3.21864255694081,"",NA,NA,0,0,0
"76",44327,"Tennessee","2020-02-26",0,0,0,0,0,0,0,0,0,0,0,0,0,0,0,0,0,0,0,0,0,0,0,0,0,0,0,NA,NA,NA,NA,NA,NA,"observed",3.52033778152737,"",NA,NA,0,0,0
"77",44328,"Tennessee","2020-02-27",0,0,0,0,0,0,0,0,0,0,0,0,0,0,0,0,0,0,0,0,0,0,0,0,0,0,0,NA,NA,NA,NA,NA,NA,"observed",3.77238450712358,"",NA,NA,0.189700632253681,0,1.23660845833823
"78",44329,"Tennessee","2020-02-28",0,0,0,0,0,0,0,0,0,0,0,0,0,0,0,0,0,0,0,0,0,0,0,0,0,0,0,NA,NA,NA,NA,NA,NA,"observed",3.92937440722601,"",NA,NA,0.965144359073512,0,4.91849156474866
"79",44330,"Tennessee","2020-02-29",0,0,0,0,0,0,0,0,0,0,0,0,0,0,0,0,0,0,0,0,0,0,0,0,0,0,0,NA,NA,NA,NA,NA,NA,"observed",3.96765623635984,"",NA,NA,3.50250730790326,0,16.06983497365
"80",44331,"Tennessee","2020-03-01",0,0,0,0,0,0,0,0,0,0,0,0,0,0,0,0,0,0,0,0,0,0,0,0,0,0,0,NA,NA,NA,NA,NA,NA,"observed",3.89590006897465,"",NA,NA,9.942078566683,0,40.4178158313041
"81",44332,"Tennessee","2020-03-02",0,0,0,0,0,0,0,0,0,0,0,0,0,0,0,0,0,0,0,0,0,0,0,0,0,0,0,NA,NA,NA,NA,NA,NA,"observed",3.76895925834326,"",NA,NA,22.5925097605191,0.884179635222257,78.5769018918228
"82",44333,"Tennessee","2020-03-03",0,0,0,0,0,0,0,0,0,0,0,0,0,0,0,0,0,0,0,0,0,0,0,0,0,0,0,NA,NA,NA,NA,NA,NA,"observed",3.64978895657907,"",NA,NA,37.2371308908995,3.51673971517811,93.2706181676781
"83",44334,"Tennessee","2020-03-04",0,0,0,0,0,0,0,0,0,0,0,0,0,0,0,0,0,0,0,0,0,0,0,0,0,0,0,NA,NA,NA,NA,NA,NA,"observed",3.56949386554572,"",NA,NA,49.6998304586339,11.4899916212585,95.7324523630781
"84",44335,"Tennessee","2020-03-05",0,0,0,0,0,0,0,0,0,0,0,0,0,0,0,0,0,0,0,0,0,0,0,0,0,0,0,0,0,0,0,0,0,"observed",3.51366304739339,"observed",4.27482307941305,0.761033618652672,60.2110056603369,28.8988882594464,98.2195077546431
"85",44336,"Tennessee","2020-03-06",0,0,0,0,0,0,0,0,0,0,0,0,0,0,0,0,0,0,0,0,0,0,0,0,0,0,0,0,0,0,0,0,0,"observed",3.42600214585369,"observed",5.65861310036123,0.307803418752035,73.7764352369728,54.1064225216378,124.237136015127
"86",44337,"Tennessee","2020-03-07",0,0,0,0,0,0,0,0,0,0,0,0,0,0,0,0,0,0,0,0,0,0,0,0,0,0,0,0,0,0,0,0,0,"observed",3.22029578963114,"observed",7.85521559542032,0.454989919284762,89.9741431187354,54.5800854208,178.671126234911
"87",44338,"Tennessee","2020-03-08",0,0,0,0,0,0,0,0,0,0,0,0,0,0,0,0,0,0,0,0,0,0,0,0,0,0,0,0,0,0,0,0,0,"observed",2.79860720092544,"observed",11.1853598386167,0.761598949436855,117.676863041801,54.6706410058638,263.366268405356
"88",44339,"Tennessee","2020-03-09",0,0,0,0,0,0,0,0,0,0,0,0,0,0,0,0,0,0,0,0,0,0,0,0,0,0,0,0,0,0,0,0,0,"observed",2.07957463506585,"observed",16.002630074893,1.43029540036532,165.449031150878,54.9429804721475,372.710980975595
"89",44340,"Tennessee","2020-03-10",0,0,0,0,0,0,0,0,0,0,0,0,0,0,0,0,0,0,0,0,0,0,0,0,0,0,0,0,0,0,0,0,0,"observed",1.00994278058756,"observed",22.6570180959042,2.3387321396042,243.552423356379,87.1623981865327,555.513268796119
"90",44341,"Tennessee","2020-03-11",0,0,0,0,0,0,0,0,0,0,0,0,0,0,0,0,0,0,0,0,0,0,0,0,0,0,0,0,0,0,0,0,0,"observed",-0.43999567082977,"observed",31.500730334159,3.89491245434391,346.401462922346,127.750518083489,756.143921170494
"91",44342,"Tennessee","2020-03-12",0,0,0,0,0,0,0,0,0,0,0,0,0,0,0,0,0,0,0,0,0,0,0,0,0,0,0,0,0,0,0,0,0,"observed",-2.27849385786283,"observed",43.0199062786536,5.52709224933322,469.635625310747,188.307858933311,942.413123133532
"92",44343,"Tennessee","2020-03-13",0,0,0,0,0,0,0,0,0,0,0,0,0,0,0,0,0,0,0,0,0,0,0,0,0,0,0,0,0,0,0,0,0,"observed",-4.49233720406202,"observed",58.2178390350814,7.32379501390709,590.535215189181,266.489734062774,1064.63750370491
"93",44344,"Tennessee","2020-03-14",0,0,0,0,0,0,0,0,0,0,0,0,0,0,0,0,0,0,0,0,0,0,0,0,0,0,0,0,0,0,0,0,0,"observed",-7.04778947939051,"observed",79.3706061756716,8.31314046554612,702.572224308222,397.19404800556,1149.27971466905
"94",44345,"Tennessee","2020-03-15",0,0,0,0,0,0,0,0,0,0,0,0,0,0,0,0,0,0,0,0,0,0,0,0,0,0,0,0,0,0,0,0,0,"observed",-9.88975968590402,"observed",111.221612981019,9.62424150304361,781.752795993441,534.387321467903,1186.93081752342
"95",44346,"Tennessee","2020-03-16",0,0,0,0,0,0,0,0,0,0,0,0,0,0,0,0,0,0,0,0,0,0,0,0,0,0,0,0,0,0,0,0,0,"observed",-12.9401467007752,"observed",162.656122406958,12.3944111595192,835.552655620226,661.179020456308,1227.45120713127
"96",44347,"Tennessee","2020-03-17",4.06013085655315,2.55,6.45,1,1,1,1,1,1,0,0,0,4.06013085655315,2.55,6.45,1,1,1,0,0,0,0,0,0,0,0,0,0,0,0,0,0,0,"observed",-16.1040253216612,"observed",248.593294429412,17.81161128074,863.97480497251,699.566995472742,1259.7679394278
"97",44348,"Tennessee","2020-03-18",8.07991379428965,5.6,11.20125,2,2,2,2,2,2,0,0,0,4.0197829377365,2.5,6.42177631578947,1,1,1,0,0,0,0,0,0,0,0,0,0,0,0,0,0,0,"observed",-19.2749275271895,"observed",390.464642678373,29.3503157004917,899.046107181773,720.900812408186,1343.42326136944
"98",44349,"Tennessee","2020-03-19",12.0647578431373,8.95,15.7506944444444,3,3,3,3,3,3,0,0,0,3.98484404884761,2.42105263157895,6.55,1,1,1,0,0,0,0,0,0,0,0,0,0,0,0,0,0,0,"observed",-22.343876086056,"observed",611.313259465874,48.2192041886723,934.084618746824,722.522368352395,1426.96085654216
"99",44350,"Tennessee","2020-03-20",16.0396155486756,12.5263157894737,20.2657894736842,4.27102770897833,4.05,4.63203947368421,4.1999756621947,4,4.5,0,0,0,3.97485770553836,2.45,6.4,1.27102770897833,1.05,1.63203947368421,0,0,0,0,0,0,0,0,0,0,0,0,0,0,0,"observed",-25.2099497189309,"observed",922.424826966174,77.7198988501153,967.18151271078,756.918480254119,1454.23947493075
"100",44351,"Tennessee","2020-03-21",20.0550726350189,16.1052631578947,25.00125,5.54051121431029,5.2,6,5.4012477124183,5.15,5.75,1,1,1,4.01545708634331,2.47309210526316,6.33375,1.26948350533196,1.05,1.6,1,1,1,0,0,0,0,0,0,0,0,0,0,0,0,"observed",-27.7898113629869,"observed",1307.76952947776,107.216449996348,966.216634578062,754.54030432531,1423.66756156287
"101",44352,"Tennessee","2020-03-22",24.0959225834193,19.7997368421053,29.1065789473684,6.80138637770898,6.36842105263158,7.36842105263158,6.59324124527004,6.25,7.05,1,1,1,4.04084994840041,2.45,6.40125,1.26087516339869,1.05,1.61111111111111,2,2,2,0,0,0,0,0,0,1,1,1,1,1,1,"observed",-30.0269330110836,"observed",1722.51763599881,130.022261685793,925.510626451488,598.729324749398,1373.09540480146
"102",44353,"Tennessee","2020-03-23",31.1349601823185,25.8934210526316,37.3,8.06618255933953,7.57822368421053,8.7,7.7902710870313,7.4,8.3,0,0,0,8.03903759889921,5.55,11.1578947368421,2.26479618163055,2.05,2.6,2,2,2,0,0,0,0,0,0,1,1,1,2,2,2,"observed",-31.8951396066224,"observed",2112.0302581791,139.293450787152,845.79685597227,517.515463787106,1342.16110234617
"103",44354,"Tennessee","2020-03-24",39.3271829205366,33.2490131578947,46.4505921052632,10.3329188854489,9.78848684210526,11.05,9.98726169590643,9.52631578947368,10.5561403508772,0,0,0,11.9813258857929,8.9,16,3.26673632610939,3.05,3.57894736842105,2,2,2,0,0,0,0,0,0,1,1,1,3,3,3,"observed",-33.4038586509568,"observed",2435.73611911975,147.67195740482,763.396412628378,507.175097489023,1242.8954427475
"104",44355,"Tennessee","2020-03-25",51.6627170450636,44.8498026315789,59.3704605263158,13.597850877193,12.95,14.35,13.1827126762986,12.6842105263158,13.7894736842105,1,1,1,16.0858335569315,12.55,20.6324561403509,4.26493199174407,4.05,4.57894736842105,3,3,3,0,0,0,0,0,0,1,1,1,4,4,4,"observed",-34.5957403020597,"observed",2677.78441482167,160.564582279352,704.967931483941,505.635954555839,1089.81709917393
"105",44356,"Tennessee","2020-03-26",67.8559108359133,59.2,76.85,18.131272377021,17.4,18.95125,17.5732737874097,16.95,18.3,0,0,0,19.9171626762986,15.75,25.0013157894737,5.533421499828,5.2,5.95,3,3,3,0,0,0,0,0,0,1,1,1,5,5,5,"observed",-35.5381689606835,"observed",2843.45230901824,177.710457673785,688.238002097507,507.976674331608,1051.80110471935
"106",44357,"Tennessee","2020-03-27",92.0621169762642,83.0513157894737,101.737865497076,24.9319618679051,24.0554824561403,25.8948684210526,24.1630712590299,23.4736842105263,25,3,3,3,27.9162676642587,23.2475,33.6846052631579,7.80068949088407,7.31578947368421,8.35,6,6,6,0,0,0,0,0,0,1,1,1,6,6,6,"observed",-36.3073909062135,"observed",2949.92763956668,193.918635746658,699.921510068967,507.302809144524,1080.6927093037
"107",44358,"Tennessee","2020-03-28",116.229733935329,106.2475,127.947368421053,32.0095693154455,31,33.1001315789474,30.955985500516,30.1490277777778,31.85,1,1,1,27.9163377192982,22.9960526315789,34.0013157894737,8.07760744754042,7.55,8.7,7,7,7,0,0,0,0,0,0,2,2,2,8,8,8,"observed",-36.9740842241118,"observed",3017.85064274908,209.969491888428,714.829399031123,542.838735397849,1085.90922370944
"108",44359,"Tennessee","2020-03-29",139.437806707946,127.684210526316,152.00375,38.3367734090127,37.0554824561404,39.5269078947368,36.9322139318885,35.8947368421053,38,1,1,1,27.9839907292742,23.0525657894737,33.8,8.32720409356725,7.73684210526316,9.05006578947368,8,8,8,0,0,0,0,0,0,3,3,3,11,11,11,"observed",-37.5934220116984,"observed",3065.58466162079,236.77677122168,700.86215833772,478.011708039945,1032.96195600749
"109",44360,"Tennessee","2020-03-30",159.006923632611,146.575,172.656118421053,44.1875993636051,42.7894736842105,45.55,42.2951722566219,41.1051315789474,43.45,6,6,6,28.0747330237358,22.89875,33.45125,8.85082595459236,8.1578947368421,9.63157894736842,14,14,14,0,0,0,0,0,0,4,4,4,15,15,15,"observed",-38.1981116932146,"observed",3106.48023869501,283.256404172739,655.356251660975,431.025870417666,1016.92855803755
"110",44361,"Tennessee","2020-03-31",178.925170192638,165.9975,193.158114035088,50.0298889576883,48.4736842105263,51.5507236842105,47.659158496732,46.3679605263158,48.95125,9,9,9,32.0988829549364,27.09875,38.65125,9.84228959408325,9.14888157894737,10.65,23,23,23,0,0,0,0,0,0,5,5,5,20,20,20,"observed",-38.8003304658853,"observed",3148.50718880249,325.45047990228,592.53341895679,416.257614280584,934.785333768101
"111",44362,"Tennessee","2020-04-01",194.958261713106,180.630789473684,209.742171052632,54.8827134674923,53.09875,56.55,52.0197257997936,50.5782236842105,53.45,1,1,1,32.041317629859,26.595,37.9473684210526,9.85282450980392,9.19894736842105,10.6315789473684,24,24,24,0,0,0,0,0,0,7,7,7,27,27,27,"observed",-39.3963015985157,"observed",3195.21466757978,324.13734352183,542.509325119557,416.336137804742,824.313734938619
"112",44363,"Tennessee","2020-04-02",210.346533866529,196.366710526316,226.5,58.4763400240798,56.6307894736842,60.25,55.1991698486412,53.65,56.7509868421053,12,12,12,35.9782307361541,30.2964473684211,42.5794736842105,10.8646542655659,10.1576973684211,11.6320394736842,36,36,36,0,0,0,0,0,0,7,7,7,34,34,34,"observed",-39.9719635076107,"observed",3246.98541768411,271.416129943882,522.224886062213,416.454047795913,775.59207347163
"113",44364,"Tennessee","2020-04-03",220.247756071551,205.799736842105,235.740789473684,62.3509760577915,60.3679605263158,64.4005263157895,58.576860749914,56.9499342105263,60.2503289473684,5,5,5,35.9666639146887,30.2628289473684,42.1052631578947,11.1441195390437,10.4210526315789,12.0538157894737,41,41,41,0,0,0,0,0,0,7,7,7,41,41,41,"observed",-40.5064968245119,"observed",3302.06772627667,215.376263841209,526.357682012993,416.043770611635,796.727437804813
"114",44365,"Tennessee","2020-04-04",230.236408892329,216.051315789474,245.857697368421,66.2110433436532,64.0513157894737,68.3166447368421,61.9431763845889,60.2,63.65,9,9,9,36.0627009459924,30.8947368421053,42.3517763157895,11.1209424492604,10.4,11.9474342105263,50,50,50,0,0,0,0,0,0,7,7,7,48,48,48,"observed",-40.9777439354857,"observed",3357.33242834439,205.761792004369,546.151898573601,422.151955857358,824.024694262941
"115",44366,"Tennessee","2020-04-05",232.11300629515,218.85,247.8525,68.314642879257,65.9975,70.6320394736842,63.4932812693498,61.6495394736842,65.40125,3,3,3,28.007763622291,23.2078947368421,33.7509868421053,9.36839571723426,8.57894736842105,10.2115131578947,53,53,53,0,0,0,0,0,0,8,8,8,56,56,56,"observed",-41.3666470741122,"observed",3408.96271700661,226.78137951526,554.896535815359,431.807771113829,806.364229970231
"116",44367,"Tennessee","2020-04-06",228.601077244582,214.3975,244.105263157895,68.4394681114551,66,70.8,63.0613203646371,61.1,65,12,12,12,23.9691774165807,19.3978947368421,29.5006578947368,8.39156155830753,7.63078947368421,9.25,65,65,65,0,0,0,0,0,0,8,8,8,64,64,64,"observed",-41.6571586257382,"observed",3453.27133783449,252.661208314048,559.340282014728,446.761581473561,803.024806515906
"117",44368,"Tennessee","2020-04-07",218.410785225318,204.29875,234.268421052632,67.5846276917785,65,70.05,61.6407766941864,59.55,63.75,7,7,7,20.0339549019608,15.9461842105263,24.8423026315789,7.41009157206742,6.63078947368421,8.35046052631579,72,72,72,0,0,0,0,0,0,9,9,9,73,73,73,"observed",-41.8367891223069,"observed",3487.72783875817,259.265823907283,545.421505496423,433.569265470069,779.123154911512
"118",44369,"Tennessee","2020-04-08",207.309505813553,193.196388888889,222.600789473684,64.9078328173375,62.1051315789474,67.5794736842105,58.6190954592363,56.5263157894737,60.80125,8,8,8,20.0799709322325,15.8947368421053,24.55,6.856626625387,6.15769736842105,7.6,80,80,80,0,0,0,0,0,0,9,9,9,82,82,82,"observed",-41.8933041076081,"observed",3512.11042633474,262.149801443743,537.912583256634,426.068101562909,778.108929441708
"119",44370,"Tennessee","2020-04-09",197.314724286206,183.679605263158,212.113881578947,62.6853551599587,59.89875,65.4210526315789,56.1826457344341,54.0513157894737,58.40125,14,14,14,23.8798496732026,19.6289473684211,28.8948684210526,7.57821183350533,6.95,8.26407894736842,94,94,94,0,0,0,0,0,0,9,9,9,91,91,91,"observed",-41.811460738996,"observed",3529.58709752331,262.006158724243,529.053633540813,424.775097015126,771.492201529014
"120",44371,"Tennessee","2020-04-10",191.402316357069,177.942083333333,205.949934210526,60.9373617303062,58.2090131578947,63.6508552631579,54.3665992432061,52.2490131578947,56.5807236842105,4,4,4,27.929430753354,23.2603289473684,33.55,8.32961401788786,7.75,8.95,98,98,98,0,0,0,0,0,0,7,7,7,98,98,98,"observed",-41.5731957379168,"observed",3547.40960389273,264.066774636657,534.914643502413,426.691687278076,790.635942303209
"121",44372,"Tennessee","2020-04-11",183.526310182319,170.498026315789,196.90125,59.9305366529068,57.2105263157895,62.7371710526316,53.3610974200206,51.25,55.6007894736842,8,8,8,24.0415351909185,19.6495394736842,29.4230263157895,7.32037901616787,6.73684210526316,8,106,106,106,0,0,0,0,0,0,6,6,6,104,104,104,"observed",-41.1660016474011,"observed",3576.84442743293,261.949863759816,538.956246355085,426.175389682685,798.515275017835
"122",44373,"Tennessee","2020-04-12",181.913097867217,169.5475,194.9525,59.6693417956656,56.99875,62.4223684210526,53.1758745786034,51,55.3692105263158,0,0,0,24.0713461816305,19.6842105263158,29.4230263157895,7.58963109735122,6.95,8.35,106,106,106,0,0,0,0,0,0,5,5,5,109,109,109,"observed",-40.5927817562309,"observed",3631.99021494642,239.676463633752,546.547145146983,451.702387582876,778.000208960614
"123",44374,"Tennessee","2020-04-13",179.764982077743,167.890789473684,192.748684210526,59.6813651702786,57,62.4505921052632,53.1758164430685,50.99875,55.4736842105263,3,3,3,20.0435392844857,16.2,24.65,6.85431296869625,6.10526315789474,7.63157894736842,109,109,109,0,0,0,0,0,0,5,5,5,114,114,114,"observed",-39.8780395812432,"observed",3727.46429309511,217.321218110084,560.848818662775,448.905413562775,818.319489001545
"124",44375,"Tennessee","2020-04-14",175.996824372205,163.899868421053,189.15625,58.4359569659443,55.84875,61.2631578947368,52.0025464912281,49.85,54.3692105263158,15,15,15,16.013790626075,12.49875,20.1101315789474,5.60741630546956,4.95,6.31578947368421,124,124,124,0,0,0,0,0,0,6,6,6,120,120,120,"observed",-39.0748459972811,"observed",3875.35876754429,187.239002518135,591.695208651461,452.655814501845,924.982179629453
"125",44376,"Tennessee","2020-04-15",170.885741795666,159.395,183.105,56.1659192638459,53.5494078947368,58.8960526315789,49.8063476952184,47.5782236842105,52.15,0,0,0,15.9757134330925,12.2628289473684,20.3504605263158,5.59461656346749,4.95,6.31578947368421,124,124,124,0,0,0,0,0,0,7,7,7,127,127,127,"observed",-38.2485642213394,"observed",4082.22778513121,194.036659233321,639.753780796593,453.406825616079,1029.27779206979
"126",44377,"Tennessee","2020-04-16",161.726846422429,149.943684210526,173.952631578947,52.3510278293774,49.7997368421053,55.0513815789474,46.2063621947024,44.05,48.45,12,12,12,15.9821491572067,12.4210526315789,20.3717105263158,5.32922810457516,4.75,6,136,136,136,0,0,0,0,0,0,6,6,6,133,133,133,"observed",-37.4590349986926,"observed",4346.91952528258,197.655295855317,677.666975592039,455.659677410267,1051.1162015785
"127",44378,"Tennessee","2020-04-17",154.875295786034,143.052565789474,167.316644736842,50.2875970244238,47.7997368421053,52.8947368421053,44.429389748882,42.3,46.6,5,5,5,20.0658567423461,15.9473684210526,24.9473684210526,6.05751164430685,5.55,6.66710526315789,141,141,141,0,0,0,0,0,0,6,6,6,139,139,139,"observed",-36.7495249832385,"observed",4660.04973113107,231.379799196709,685.195729024664,482.597932957599,1072.79096208829
"128",44379,"Tennessee","2020-04-18",150.530714602683,139.29875,162.75625,47.9811334365325,45.5789473684211,50.5263157894737,42.4629954248366,40.5,44.55,1,1,1,19.9423622119023,16,24.90125,6.06193212934297,5.52631578947368,6.63203947368421,142,142,142,0,0,0,0,0,0,5,5,5,144,144,144,"observed",-36.1427954696005,"observed",5005.55808988508,250.037027918017,637.09277953971,301.057361855923,1041.98106668444
"129",44380,"Tennessee","2020-04-19",147.080565720674,136.315394736842,159.05375,46.6479819401445,44.3679605263158,49.0526315789474,41.4751168902649,39.55,43.6315789473684,6,6,6,19.89123500172,15.85,24.8961184210526,6.0584100619195,5.57894736842105,6.65,148,148,148,0,0,0,0,0,0,4,4,4,148,148,148,"observed",-35.6385004056826,"observed",5364.12570376373,261.385562525144,562.248874372194,287.943886389614,1008.19751514975
"130",44381,"Tennessee","2020-04-20",147.26713003096,136.156578947368,159.475,46.5548579635363,44.3679605263158,48.95125,41.670994496044,39.84875,43.6320394736842,4,4,4,20.0449950292398,15.8998684210526,24.80125,6.31696759545924,5.73684210526316,7,152,152,152,0,0,0,0,0,0,4,4,4,152,152,152,"observed",-35.2117704475761,"observed",5717.34474639836,250.84208818496,495.016580003959,283.599264309418,892.731818634242
"131",44382,"Tennessee","2020-04-21",150.188643016856,139.470592105263,162.5525,47.0315716374269,44.7997368421053,49.4217763157895,42.2844485896113,40.4736842105263,44.3,5,5,5,19.9987344169247,15.6833552631579,24.9445833333333,6.33334029927761,5.75,7,157,157,157,0,0,0,0,0,0,4,4,4,156,156,156,"observed",-34.8221504356608,"observed",6051.23974202713,254.442066547602,502.649952791473,286.13605371626,974.576152834917
"132",44383,"Tennessee","2020-04-22",148.926107413141,138.209210526316,161.8525,46.7716798417613,44.6307894736842,49.0526315789474,42.1063316133471,40.3328947368421,44.00125,0,0,0,16.0196414172687,12.3667105263158,20.7009210526316,5.3183200378397,4.75,5.95125,157,157,157,0,0,0,0,0,0,5,5,5,161,161,161,"observed",-34.4158634987546,"observed",6358.04810180972,323.879512120607,592.312449232595,287.441688037166,1253.39396168337
"133",44384,"Tennessee","2020-04-23",150.669938046096,139.788486842105,163.529407894737,46.7680713450292,44.5494078947368,48.9445175438596,42.1089331785346,40.2490131578947,43.9474342105263,14,14,14,20.0591312865497,15.99875,24.95125,6.32600552115583,5.75,7,171,171,171,0,0,0,0,0,0,5,5,5,166,166,166,"observed",-33.9308973564792,"observed",6635.89709102301,412.313264423577,747.200487948477,287.866319685061,1437.41143507141
"134",44385,"Tennessee","2020-04-24",149.526364189886,138.549407894737,161.8525,46.7588998624011,44.5256578947368,49.00125,42.1047349329205,40.25,44.00125,-2,-2,-2,20.0154068627451,15.7355263157895,25.3166447368421,6.31120753353973,5.7,7,169,169,169,0,0,0,0,0,0,5,5,5,171,171,171,"observed",-33.313418534826,"observed",6886.68144094486,484.78358223856,884.094087018962,423.873955632129,1455.2135118949
"135",44386,"Tennessee","2020-04-25",149.152207017544,136.5,160.90625,46.236598503612,44.0525657894737,48.5815789473684,41.7163886996904,39.85,43.6320394736842,8,8,8,20.0914913656691,15.9473684210526,24.6525,6.06732973856209,5.57894736842105,6.65,177,177,177,0,0,0,0,0,0,5,5,5,176,176,176,"observed",-32.5321821363634,"observed",7113.14538615086,465.556538645043,952.534526923547,679.470146861461,1472.29581285773
"136",44387,"Tennessee","2020-04-26",149.03969131407,137.420526315789,160.536176470588,45.7142990884073,43.5494078947368,48.0500657894737,41.3346716374269,39.6,43.25,4,4,4,20.0386110939112,15.9,24.7780701754386,6.33201355349157,5.75,7.00125,181,181,181,0,0,0,0,0,0,5,5,5,181,181,181,"observed",-31.5793181272625,"observed",7316.54746219395,401.255478696083,915.068456150884,505.085490377071,1444.95552701435
"137",44388,"Tennessee","2020-04-27",148.982154850361,137.890789473684,162.15,45.4259719814241,43.2990789473684,47.7509868421053,41.1176908324733,39.3153947368421,42.95125,3,3,3,19.9910670622635,15.9460526315789,24.6871052631579,6.31908919848641,5.73684210526316,7.05,184,184,184,0,0,0,0,0,0,4,4,4,185,185,185,"observed",-30.4705697470782,"observed",7496.0435546979,322.627960420323,801.604073135455,393.22779891862,1414.51131476877
"138",44389,"Tennessee","2020-04-28",150.101893292054,138.261842105263,162.952631578947,46.1621862917097,43.9499342105263,48.3692105263158,41.9170304265566,40.1989473684211,43.7897368421053,4,4,4,20.1276443412453,15.9499342105263,25.2245614035088,6.33083087375301,5.78947368421053,7.00125,188,188,188,0,0,0,0,0,0,5,5,5,190,190,190,"observed",-29.2466453766419,"observed",7649.94724485397,312.053882581171,651.429178393339,334.31384477568,1233.6579505889
"139",44390,"Tennessee","2020-04-29",156.480576969384,144.349144736842,170.369736842105,47.1694225318197,45,49.5269078947368,42.9213517887857,41.1,44.7371710526316,7,7,7,23.9206264533884,19.4205263157895,28.7909868421053,7.33646434468524,6.75,8,195,195,195,0,0,0,0,0,0,5,5,5,195,195,195,"observed",-27.9641107836036,"observed",7777.93228253155,384.103561707761,522.714056120743,319.102516058071,977.986672982364
"140",44391,"Tennessee","2020-04-30",163.888515273478,151.839276315789,176.578947368421,49.4349945648435,47.1989473684211,51.75,45.1178874097007,43.3491447368421,46.85125,4,4,4,27.989369005848,23.0513157894737,33.8010526315789,8.32308367733058,7.73592105263158,9,199,199,199,0,0,0,0,0,0,5,5,5,200,200,200,"observed",-26.6860316780431,"observed",7882.77974241058,534.818193407078,446.972009495148,313.83229525861,716.628843587236
"141",44392,"Tennessee","2020-05-01",167.681881183351,156.097368421053,180.722916666667,50.6977165806674,48.4492763157895,52.9474342105263,46.3138555211558,44.6307894736842,48.15,5,5,5,24.097099879601,19.5994736842105,29.3,7.32465414516684,6.78947368421053,8,204,204,204,0,0,0,0,0,0,5,5,5,205,205,205,"observed",-25.4735858148969,"observed",7970.73544938486,657.185842015362,438.621989770201,314.671688387565,684.564579258883
"142",44393,"Tennessee","2020-05-02",167.160612125903,154.841052631579,180.1,51.21889250086,48.9473684210526,53.4210526315789,46.6956265909873,44.95,48.5263157894737,5,5,5,19.834007997936,15.7,24.6855263157895,6.57958598211214,5.94736842105263,7.26315789473684,209,209,209,0,0,0,0,0,0,5,5,5,210,210,210,"observed",-24.3771108831913,"observed",8050.49183804378,681.532220374929,483.459560365888,316.12707958345,843.456547931842
"143",44394,"Tennessee","2020-05-03",159.165071155831,147.79875,171.65125,49.7668929652563,47.3992105263158,52.1501973684211,45.0995702614379,43.2631578947368,46.9473684210526,1,1,1,12.0358338837289,8.94618421052632,15.8,4.86496805985552,4.15,5.65085526315789,210,210,210,0,0,0,0,0,0,5,5,5,215,215,215,"observed",-23.4286511738646,"observed",8131.43676218843,572.933628536737,545.715566718983,316.121592064144,932.124631236236
"144",44395,"Tennessee","2020-05-04",151.477681957344,139.99875,164.10375,48.0288033195734,45.7884868421053,50.3692105263158,43.2848163054696,41.4736842105263,45.1063815789474,9,9,9,12.0381058307534,8.89986842105263,15.55125,4.59525065359477,3.95,5.3003947368421,219,219,219,0,0,0,0,0,0,6,6,6,221,221,221,"observed",-22.6353976834752,"observed",8221.85174802181,417.105562532088,601.859244042752,379.812529070087,944.378671655796
"145",44396,"Tennessee","2020-05-05",146.623729153767,134.65,159.05375,46.0229965772274,43.75,48.35,41.2847878912969,39.45,43.2105263157895,7,7,7,16.0109695218438,12.1975,20.6342105263158,5.31251329549364,4.74967105263158,6,226,226,226,0,0,0,0,0,0,7,7,7,228,228,228,"observed",-21.984851342475,"observed",8327.39657024961,294.055895611953,641.418647340936,474.845695162219,952.455064636826
"146",44397,"Tennessee","2020-05-06",150.244969126247,138.447083333333,162.304342105263,45.4946127622979,43.2490131578947,47.9474342105263,40.892862125903,39.0525657894737,42.8511184210526,13,13,13,28.020690505676,22.9986842105263,33.3203947368421,7.79762170622635,7.4,8.35,239,239,239,0,0,0,0,0,0,6,6,6,234,234,234,"observed",-21.4526993133287,"observed",8449.9704906242,239.887012894198,658.225905900433,526.995673745032,940.111092420936
"147",44398,"Tennessee","2020-05-07",159.76530997592,148.046118421053,172.85,47.9777674578603,45.7997368421053,50.3692105263158,43.5147970932233,41.7368421052632,45.4743421052632,-1,-1,-1,35.9617093911249,30.24875,42.4230263157895,9.79436222910217,9.34958333333333,10.3157894736842,238,238,238,0,0,0,0,0,0,5,5,5,239,239,239,"observed",-21.0136607195061,"observed",8586.94939140353,244.1775809706,644.928752683824,521.673662461131,923.277648134027
"148",44399,"Tennessee","2020-05-08",177.13236381149,164.625789473684,190.838815789474,52.9825005847953,50.8498026315789,55.5269078947368,48.5160831613347,46.7359210526316,50.4519078947368,4,4,4,40.2022433608531,34.1490277777778,47.3197368421053,11.0720628654971,10.55,11.7368421052632,242,242,242,0,0,0,0,0,0,3,3,3,242,242,242,"observed",-20.6495237842879,"observed",8730.89448843244,272.570370553565,627.425645363348,513.529197740648,898.552969372109
"149",44400,"Tennessee","2020-05-09",195.441580546956,181.99875,210.9025,59.4771891812865,57.25,61.85,54.8785280873753,53.0988157894737,56.842302631579,0,0,0,36.1490314757482,30.3128947368421,42.6021052631579,10.8267021499828,10.1578947368421,11.5789473684211,242,242,242,0,0,0,0,0,0,3,3,3,245,245,245,"observed",-20.352050862898,"observed",8869.95659822057,317.459888043923,619.430190713082,505.808770003705,888.560375304264
"150",44401,"Tennessee","2020-05-10",210.910223357413,197.04875,227.65125,64.5371949260406,62.15,66.9,59.656588252494,57.8421052631579,61.5789473684211,1,1,1,28.0328605091159,22.8498026315789,33.7022368421053,9.37909494324045,8.6,10.25,243,243,243,0,0,0,0,0,0,4,4,4,249,249,249,"observed",-20.1210371171978,"observed",8989.37443456851,367.327771280874,613.579610277324,501.054550038534,882.432063821819
"151",44402,"Tennessee","2020-05-11",217.382520072239,203.313157894737,233.90625,66.8794105263158,64.4,69.4743421052632,61.6412381836945,59.69875,63.5789473684211,8,8,8,20.0272478500172,15.99875,25.1,7.67304647402821,6.78848684210526,8.60125,251,251,251,0,0,0,0,0,0,7,7,7,256,256,256,"observed",-19.9475055637655,"observed",9074.3149937289,407.809021030771,609.937260283274,498.354049016512,877.708381698537
"152",44403,"Tennessee","2020-05-12",222.314968868249,206.79125,243.12485380117,66.8890828517372,63.89875,71.1065789473684,61.3824049019608,58.7,65.1605263157895,15,15,15,23.9386851909185,16.29875,38.9486842105263,8.34613667010664,6.73592105263158,11.7905701754386,266,266,266,0,0,0,0,0,0,9,9,9,265,265,265,"observed",-19.8179570625885,"observed",9113.69195998913,412.66915298849,606.550999482398,494.959881972894,872.145818636357
"153",44404,"Tennessee","2020-05-13",213.545685775714,195.949934210526,242.894298245614,63.641258496732,59.7997368421053,70.5302631578947,57.9808066047472,54.64875,64.6394005847953,7,7,7,20.7567188166495,13.7359210526316,33.7780701754386,7.07525932232542,5.4,10.2777777777778,273,273,273,0,0,0,0,0,0,10,10,10,275,275,275,"observed",-19.7239048418301,"observed",9103.63855957404,379.468154302034,599.810115709509,489.22545514286,865.839420838468
"154",44405,"Tennessee","2020-05-14",198.014291623667,176.49875,236.423684210526,58.76099874441,53.9,68.7225877192983,53.0994929824561,48.74875,62.7921052631579,14,14,14,20.370309494324,13.3475,33.2108187134503,6.44439439284486,4.9,9.61111111111111,287,287,287,0,0,0,0,0,0,9,9,9,284,284,284,"observed",-19.6631312473638,"observed",9048.95905328629,324.281201279387,590.005165895442,480.036401107046,853.423568789964
"155",44406,"Tennessee","2020-05-15",182.146779635363,158.85,231.272368421053,55.2676811317509,49.45,68.9524122807017,49.6070105951152,44.25,62.8529970760234,3,3,3,21.9925157722738,15.65,35.1076315789474,7.08626836945304,5.65,11.0581140350877,290,290,290,0,0,0,0,0,0,7,7,7,291,291,291,"observed",-19.6383569672849,"observed",8961.63840452288,293.36900500708,582.180044747574,473.214310470433,842.77687645196
"156",44407,"Tennessee","2020-05-16",172.437661713106,146.3475,235.779385964912,53.6613556759546,46.9,71.0013888888889,48.121989869281,41.79875,65.2157894736842,5,5,5,23.3902412280702,16.3992105263158,37.2157894736842,7.25864260405917,5.73592105263158,11.1592105263158,295,295,295,0,0,0,0,0,0,5,5,5,296,296,296,"observed",-19.6578016611021,"observed",8857.04861951115,290.347344380138,576.934078825461,467.587384753698,836.490510462737
"157",44408,"Tennessee","2020-05-17",172.950664705882,143.5475,247.005555555556,54.9216722738218,47.29875,76.1684210526316,49.4543779325765,42.1,70.3171052631579,3,3,3,25.9976878568971,19.25,38.5032894736842,7.85556725146199,6.3975,11.7653250773994,298,298,298,0,0,0,0,0,0,5.96,5,9.02499999999998,301.96,301,305.025,"observed",-19.7308334540461,"observed",8749.55936881588,321.463726588649,571.105918484565,462.605627005128,828.834738678019
"158",44409,"Tennessee","2020-05-18",177.924568919849,145.94875,260.75,55.594942002064,47.8975,76.5111842105263,50.0777054867561,42.7475,71.4759287925696,3,3,3,25.9624118163055,19.2102631578947,38.5881578947368,7.94578302373581,6.3975,11.8986842105263,301,301,301,0,0,0,0,0,0,5.204,4,8,307.164,305,314,"observed",-19.8573310553663,"observed",8649.28270233606,342.523189383723,559.083407403073,452.943779310468,810.703945746226
"159",44410,"Tennessee","2020-05-19",179.514872927417,147.29875,268.401315789474,57.3297985896113,48.99875,81.0052631578947,51.6118217578259,43.7975,74.1065789473684,4,4,4,24.7503068111455,16.55,43.7381578947368,7.73647829377365,5.79875,13.0013888888889,305,305,305,0,0,0,0,0,0,5.121,4,8,312.285,309,322,"observed",-20.0284502809075,"observed",8560.88593744896,348.479789951183,542.972831284868,439.001379177673,791.29384455746
"160",44411,"Tennessee","2020-05-20",182.860518575851,149.09625,276.062061403509,59.2578150842793,50.24875,84.6842105263158,53.292629497764,44.49875,77.2135964912281,0,0,0,24.4986899208806,15.79875,45.325,7.84337872377021,5.69875,13.3171052631579,305,305,305,0,0,0,0,0,0,5.484,4,9,317.769,313,330,"projected",-20.0284502809075,"observed",8484.54475582626,349.632254427899,529.518108155817,428.870081733679,771.52338525434
"161",44412,"Tennessee","2020-05-21",186.216635775714,149.19625,283.751315789474,60.4894273477812,50.34875,87.7864766081871,54.3525653078775,44.74875,79.9434210526315,8,8,8,24.3301100963192,15.25,44.3717105263158,7.78767512899897,5.45,13.3697368421053,313,313,313,0,0,0,0,0,0,5.873,5,9,323.642,318,339,"projected",-20.0284502809075,"observed",8418.41370465466,364.173162675172,513.382904420379,415.685211000894,745.909357620799
"162",44413,"Tennessee","2020-05-22",188.289625885793,146.34375,296.747587719298,60.4783922944616,48.94875,90.6990497076023,54.3935832989336,43.69875,83.0652046783626,2,2,2,24.3102361541108,14.5475,46.2219298245614,7.68866709666323,5.19875,14.1581140350877,315,315,315,0,0,0,0,0,0,6.501,5,10,330.143,323,349,"projected",-20.0284502809075,"projected",8527.68823558423,392.68885813704,490.742937821502,396.27374615306,716.198900313
"163",44414,"Tennessee","2020-05-23",189.196011558308,142.25,310.338523391813,59.2565448572411,46.05,93.1105263157895,53.3735985380117,41.19125,85.4223684210526,14,14,14,24.1757703130375,14.4975,46.1581140350877,7.65824750601995,5,14.8432748538012,329,329,329,0,0,0,0,0,0,6.489,5,10,336.632,328,359,"projected",-20.0284502809075,"projected",8636.9627665138,401.748117355917,465.381051164334,374.161561124423,684.629718109686
"164",44415,"Tennessee","2020-05-24",188.019078586171,136.94875,324.870394736842,57.7030655830753,42.8,96.3910087719298,52.0993441348469,38.1475,88.0171052631579,6.19,5,11,23.8827383900929,14.2975,44.4368421052631,7.6085671998624,4.95,14.0597222222222,342.822,333,369,0,0,0,0,0,0,NA,NA,NA,NA,NA,NA,"projected",-20.0284502809075,"projected",8746.2372974433,NA,439.246926853981,349.735840838565,652.188800210832
"165",44416,"Tennessee","2020-05-25",186.920056776746,131.7975,331.501315789474,56.704484004128,40.85,97.2381578947368,51.3024622635019,36.49875,89.3578947368421,6.123,4,11,23.9287777433781,14.3475,46.7894736842105,7.57755509115927,4.84875,14.6125,348.945,338,380,0,0,0,0,0,0,NA,NA,NA,NA,NA,NA,"projected",-20.0284502809075,"projected",8855.51182837287,NA,415.032607097065,326.861300184391,620.379097132804
"166",44417,"Tennessee","2020-05-26",185.669774836601,127.9975,334.27850877193,56.2360676986584,39.9,99.0910087719298,50.9101593567251,35.74875,91.4252192982456,6.08,4,11,23.6240599243206,13.9,45.6342105263158,7.52584301685587,4.9,14.6671052631579,355.025,343,390.025,0,0,0,0,0,0,NA,NA,NA,NA,NA,NA,"projected",-20.0284502809075,"projected",8964.78635930244,NA,396.072130759816,308.962464113836,595.854808122525
"167",44418,"Tennessee","2020-05-27",184.069823099415,125.59375,337.643640350877,56.295375249398,39.6,102.120175438596,50.8998639834881,35.39875,93.4791666666666,6.053,4,11,23.606585620915,13.55,47.7698099415204,7.46270194358445,4.85,14.2791666666667,361.078,347.975,399.025,0,0,0,0,0,0,NA,NA,NA,NA,NA,NA,"projected",-20.0284502809075,"projected",9074.06089023194,NA,379.901316002635,293.259038578649,575.20037534812
"168",44419,"Tennessee","2020-05-28",182.039319212246,122.7925,338.777777777778,56.031578620571,39.19875,102.918201754386,50.6355728242174,35.05,95.0666666666667,6.03,4,11.025,23.3370854833161,13.6833552631579,45.0125,7.39147174062608,4.8,14.4504385964912,367.108,351.975,408.1,0,0,0,0,0,0,NA,NA,NA,NA,NA,NA,"projected",-20.0284502809075,"projected",9183.33542116151,NA,364.323683384294,278.543147999514,555.364649464842
"169",44420,"Tennessee","2020-05-29",179.791661334709,121.48875,335.404166666666,55.9065616615067,38.945,102.858552631579,50.4625712762298,34.9,94.9708333333333,6,4,11.025,22.8111598555212,13.44875,46.0555555555556,7.29062564499484,4.75,14.1680555555556,373.108,355.975,420.1,0,0,0,0,0,0,NA,NA,NA,NA,NA,NA,"projected",-20.0284502809075,"projected",9292.60995209108,NA,349.416803373586,264.708393511036,536.526115481649
"170",44421,"Tennessee","2020-05-30",177.744119521844,120.0925,343.758333333333,55.7044355349157,38.9475,103.825292397661,50.2070419676643,34.85,95.5151315789474,5.963,4,11.025,22.3616448056416,13.3,45.5013888888889,7.152441124871,4.7,14.1188596491228,379.071,359.975,432.025,0,0,0,0,0,0,NA,NA,NA,NA,NA,NA,"projected",-20.0284502809075,"projected",9401.88448302065,NA,333.90114692603,250.051853047986,515.257812747685
"171",44422,"Tennessee","2020-05-31",175.919542156863,119.55,343.849342105263,55.2933216030272,38.64875,104.563157894737,49.7709847609219,34.65,94.8782894736842,5.918,4,12,21.7578534743722,13.14875,43.7933479532164,7.00866909184727,4.7,13.953947368421,384.989,363.975,443,0,0,0,0,0,0,NA,NA,NA,NA,NA,NA,"projected",-20.0284502809075,"projected",9511.15901395015,NA,316.362435155019,233.540135440254,491.402311535738
"172",44423,"Tennessee","2020-06-01",173.470609270726,118.59375,338.4625,54.6472475920193,38.34875,104.030555555556,49.1439090987272,34.5,93.6682017543859,5.876,4,11.025,21.4576414860681,13.09875,41.9570175438596,6.81840428276574,4.65,13.4458333333333,390.865,367.975,453.05,0,0,0,0,0,0,NA,NA,NA,NA,NA,NA,"projected",-20.0284502809075,"projected",9620.43354487972,NA,297.400767773917,216.028842536663,466.977432244713
"173",44424,"Tennessee","2020-06-02",170.601111971104,117.7975,336.172222222222,53.6689645510836,37.8,103.159576023392,48.2297002751978,34.09875,93.4173245614035,5.812,4,11,20.5245795837633,12.59875,41.9500730994152,6.61809568283454,4.55,13.0554824561403,396.677,371.975,464.075,0,0,0,0,0,0,NA,NA,NA,NA,NA,NA,"projected",-20.0284502809075,"projected",9729.70807580929,NA,279.351161997429,199.99663474625,439.741889690794
"174",44425,"Tennessee","2020-06-03",166.895607189542,115.59875,336.475730994152,52.5114210526316,36.7,101.594444444444,47.1425275541796,33.05,91.947149122807,5.717,4,11,19.6372069659443,10.89875,40.3010964912281,6.36213163054696,3.9,12.8375,402.394,375.975,475.025,0,0,0,0,0,0,NA,NA,NA,NA,NA,NA,"projected",-20.0284502809075,"projected",9838.98260673879,NA,263.585176354811,185.87319296936,416.34348998405
"175",44426,"Tennessee","2020-06-04",162.25654370485,111.69375,324.737061403509,51.241777124183,35.64875,99.7600877192982,45.9317624527004,32.1,90.2184210526316,5.598,4,11,18.5181359305126,10.19875,37.0041666666667,6.08302316821465,3.75,11.7919590643275,407.992,379.975,485.025,0,0,0,0,0,0,NA,NA,NA,NA,NA,NA,"projected",-20.0284502809075,"projected",9948.25713766836,NA,249.532499671115,173.743280644156,395.323534908122
"176",44427,"Tennessee","2020-06-05",157.16270500516,108.09875,311.933479532164,49.7747033023736,34.39875,97.6697368421053,44.533319005848,30.8,87.2885233918128,5.467,4,11,17.6423951668387,9.7,35.0652046783626,5.75917368421053,3.69875,11.6680555555556,413.459,383.975,495.05,0,0,0,0,0,0,NA,NA,NA,NA,NA,NA,"projected",-20.0284502809075,"projected",10057.5316685979,NA,236.526613166267,162.23598964524,375.977192704263
"177",44428,"Tennessee","2020-06-06",151.347211420709,102.695,300.831944444444,48.1885903164775,32.99875,94.9589912280702,43.031926625387,29.54875,85.2285087719298,5.316,4,10,16.6454342621259,9.49625,33.2902777777778,5.48945421396629,3.6,11.3176169590643,418.775,387.975,506.025,0,0,0,0,0,0,NA,NA,NA,NA,NA,NA,"projected",-20.0284502809075,"projected",10166.8061995274,NA,224.317465052833,151.416636764095,361.576679943642
"178",44429,"Tennessee","2020-06-07",145.435876814585,98.16875,292.923757309941,46.4543916924665,31.7,91.8502192982456,41.400808496732,28.3,82.8987573099415,5.128,4,10,15.9500623667011,9.04875,33.6194444444444,5.19635646714826,3.4,10.6666666666667,423.903,391,517,0,0,0,0,0,0,NA,NA,NA,NA,NA,NA,"projected",-20.0284502809075,"projected",10276.080730457,NA,212.546777172792,141.253070935584,344.907762752869
"179",44430,"Tennessee","2020-06-08",139.172049398005,92.1475,281.127777777778,44.6555241658067,30.09875,89.0083333333333,39.7161936016512,26.89625,78.7795321637427,4.909,3,10,15.211457997936,8.34875,32.0581140350877,4.93697549019608,2.75,10.2222222222222,428.812,395,526.025,0,0,0,0,0,0,NA,NA,NA,NA,NA,NA,"projected",-20.0284502809075,"projected",10385.3552613866,NA,201.333222633882,131.333835330978,329.843194589834
"180",44431,"Tennessee","2020-06-09",132.900219263846,85.645,271.916666666667,42.8576838493292,28.7475,85.7344298245614,38.0442296869625,25.59875,75.8682748538011,4.653,3,9,14.3118232714138,7.05,29.8543859649123,4.69786162710698,2.65,9.42441520467836,433.465,398,535.05,0,0,0,0,0,0,NA,NA,NA,NA,NA,NA,"projected",-20.0284502809075,"projected",10494.6297923161,NA,190.777561220279,122.150558800949,315.199328044988
"181",44432,"Tennessee","2020-06-10",126.99791124871,80.39625,256.702777777778,41.1169811661507,27.35,83.3355263157895,36.44695374957,24.29875,73.5894736842105,4.409,3,9,13.7760119367045,6.65,27.7894736842105,4.49176905744754,2.5,9.22324561403509,437.874,401,544.05,0,0,0,0,0,0,NA,NA,NA,NA,NA,NA,"projected",-20.0284502809075,"projected",10603.9043232456,NA,180.378180103448,113.17017984495,301.088606560859
"182",44433,"Tennessee","2020-06-11",121.538495614035,75.94125,248.730555555556,39.4196532679739,25.9,80.3197368421052,34.9008346405229,22.79875,70.4194444444444,4.178,3,8.02499999999998,13.2049189198486,6.3,27.5855263157895,4.28529774681803,2.4,9.05694444444444,442.052,404,552.05,0,0,0,0,0,0,NA,NA,NA,NA,NA,NA,"projected",-20.0284502809075,"projected",10713.1788541752,NA,170.114533926747,104.463516462129,288.608853615587
"183",44434,"Tennessee","2020-06-12",116.06283379773,71.8425,237.151388888889,37.7445454420365,24.1975,76.5950292397661,33.38664625043,21.19875,68.1135964912281,3.972,3,8,12.376600877193,6.34875,27.3402777777778,4.05733329893361,2.39875,8.5611111111111,446.024,407,560.05,0,0,0,0,0,0,NA,NA,NA,NA,NA,NA,"projected",-20.0284502809075,"projected",10822.4533851048,NA,160.438775288346,96.2722523029195,278.211427025637
"184",44435,"Tennessee","2020-06-13",110.990657413141,67.785,222.658771929824,36.0951812005504,22.64875,72.9263888888889,31.9075734778122,19.9,65.0291666666666,3.77,2,8,11.8540981940144,6.04875,25.475,3.8643048503612,2.35,7.84744152046783,449.794,410,568.025,0,0,0,0,0,0,NA,NA,NA,NA,NA,NA,"projected",-20.0284502809075,"projected",10931.7279160343,NA,151.288486442294,88.747459633206,265.250259135268
"185",44436,"Tennessee","2020-06-14",105.984723443412,65.39625,216.183333333333,34.4965373409013,21.85,70.1581140350877,30.4692244582043,19.19875,62.6142543859649,3.598,2,7,11.2678310801514,5.75,23.737865497076,3.67376042311662,2.25,7.61162280701754,453.392,412,575.025,0,0,0,0,0,0,NA,NA,NA,NA,NA,NA,"projected",-20.0284502809075,"projected",11041.0024469638,NA,142.475972922494,81.8892463718308,254.05644765324
"186",44437,"Tennessee","2020-06-15",101.030729876161,61.94625,208.276023391813,32.8939363605091,20.7475,68.1095760233918,29.043463880289,18.15,60.125,3.438,2,7,10.6477923288614,5.1,23.4458333333333,3.48549470244238,1.7,7.66805555555555,456.83,414,582.025,0,0,0,0,0,0,NA,NA,NA,NA,NA,NA,"projected",-20.0284502809075,"projected",11150.2769778934,NA,133.94484518822,75.3768260955811,242.918000487611
"187",44438,"Tennessee","2020-06-16",96.3014900412797,58.24875,200.213888888889,31.2933618335053,19.59,65.1054093567251,27.6181433264534,16.9975,57.7291666666667,3.274,2,7,10.0286912624699,3.65,22.6324561403509,3.29055710354317,1.45,6.85299707602338,460.104,416,589,0,0,0,0,0,0,NA,NA,NA,NA,NA,NA,"projected",-20.0284502809075,"projected",11259.551508823,NA,125.71971385746,69.217820751504,230.599841744639
"188",44439,"Tennessee","2020-06-17",91.5418238046096,53.24625,193.836111111111,29.7049403164775,17.99875,61.9083333333333,26.2054749914001,15.64875,55.0633771929825,3.109,2,7,9.48170994152047,3.09875,22.1065789473684,3.11560165118679,1.35,6.79078947368421,463.213,418,595.025,0,0,0,0,0,0,NA,NA,NA,NA,NA,NA,"projected",-20.0284502809075,"projected",11368.8260397525,NA,117.891778439694,63.4680154970614,218.72709123143
"189",44440,"Tennessee","2020-06-18",86.7900394564844,49.4925,185.511111111111,28.1701321809426,16.44875,59.3381578947368,24.8422269693842,14.4425,52.7819444444444,2.952,2,6,8.91377843137255,2.94875,20.3703216374269,2.92436554867561,1.3,6.42105263157895,466.165,420,601.025,0,0,0,0,0,0,NA,NA,NA,NA,NA,NA,"projected",-20.0284502809075,"projected",11478.100570682,NA,110.661945549021,58.2447467002086,206.791705515445
"190",44441,"Tennessee","2020-06-19",82.321049501204,44.4425,176.160964912281,26.6752780529756,14.94625,56.7263888888889,23.5098384588923,13.04625,49.9154239766082,2.797,2,6,8.41721190230478,2.89875,19.0568713450292,2.76860008599931,1.2,6.33333333333333,468.962,422,607.025,0,0,0,0,0,0,NA,NA,NA,NA,NA,NA,"projected",-20.0284502809075,"projected",11587.3751016116,NA,104.030907902944,53.4492552530021,195.704157119733
"191",44442,"Tennessee","2020-06-20",77.8930690746474,39.7975,167.957090643275,25.2683133986928,13.44875,54.1958333333333,22.2552407636739,11.64875,47.8472222222222,2.662,1,6,7.93569229446164,2.8,18.7434210526316,2.6143918128655,1.15,5.7780701754386,471.624,424,612.025,0,0,0,0,0,0,NA,NA,NA,NA,NA,NA,"projected",-20.0284502809075,"projected",11696.6496325411,NA,97.717106111031,48.9193806197261,184.94659522064
"192",44443,"Tennessee","2020-06-21",73.5758341933265,36.55,159.098611111111,23.9068547127623,12.35,51.6708333333333,21.0455042655659,10.65,44.7972222222222,2.502,1,5.02499999999998,7.49401771585827,2.79875,17.4464912280702,2.46751680426557,1.1,5.42163742690058,474.126,425.975,617,0,0,0,0,0,0,NA,NA,NA,NA,NA,NA,"projected",-20.0284502809075,"projected",11805.9241634707,NA,91.4898813080611,44.6599465361331,174.201985519472
"193",44444,"Tennessee","2020-06-22",69.6343894564843,34.5975,151.558333333333,22.640552872377,11.5,48.5381578947368,19.9186150326797,10,42.7143274853801,2.364,1,5,7.18415572755418,2.74875,16.7921052631579,2.33555978672171,1.1,5.26315789473684,476.49,427,622,0,0,0,0,0,0,NA,NA,NA,NA,NA,NA,"projected",-20.0284502809075,"projected",11915.1986944003,NA,85.6183251796579,40.7275658393279,165.952375302115
"194",44445,"Tennessee","2020-06-23",65.8468767285862,32.69875,142.739473684211,21.42637750258,11.14875,46.2441520467836,18.839596749226,9.75,40.8152777777777,2.212,1,5,6.7490326625387,2.65,15.7947368421053,2.2035936876505,1.1,5.16776315789474,478.702,428,627,0,0,0,0,0,0,NA,NA,NA,NA,NA,NA,"projected",-20.0284502809075,"projected",12024.4732253298,NA,80.251527097865,37.2050371098099,157.995902539697
"195",44446,"Tennessee","2020-06-24",62.407265376677,32.15,139.160891812865,20.2671556071551,10.9,43.5576023391813,17.8164085655315,9.5,38.6944444444444,2.103,1,5,6.48506324389405,2.6,16.1111111111111,2.06407585139319,1.1,4.89166666666666,480.805,429,631.025,0,0,0,0,0,0,NA,NA,NA,NA,NA,NA,"projected",-20.0284502809075,"projected",12133.7477562593,NA,75.0653457927685,33.8819265031489,149.247146926657
"196",44447,"Tennessee","2020-06-25",58.9976156346749,31.44875,130.301388888889,19.17055749914,10.59875,41.6990497076023,16.845101874785,9.34875,36.8002923976608,1.985,1,4,5.966587375301,2.45,14.7905701754386,1.95473519091847,1.1,4.42236842105263,482.79,430,636.025,0,0,0,0,0,0,NA,NA,NA,NA,NA,NA,"projected",-20.0284502809075,"projected",12243.0222871889,NA,70.2015057576187,30.8346639770782,140.913808218832
"197",44448,"Tennessee","2020-06-26",55.7440036807706,30.25,123.022295321637,18.120272755418,10.29875,40.0039473684211,15.9174700894393,9.05,35.2135964912281,1.872,1,4,5.58090178878569,2.5,13.5270467836257,1.84702010663915,1.05,4.26315789473684,484.662,431,641.025,0,0,0,0,0,0,NA,NA,NA,NA,NA,NA,"projected",-20.0284502809075,"projected",12352.2968181185,NA,65.8416139281308,28.1562677604845,133.345169511251
"198",44449,"Tennessee","2020-06-27",52.7000544891641,29.69875,120.304166666667,17.1203277433781,9.99875,38.4236842105263,15.0338589611283,8.85,33.6851608187134,1.771,1,4,5.30591847265222,2.44927631578947,13.2236111111111,1.74881541107671,1.05,4.05270467836257,486.433,432,646,0,0,0,0,0,0,NA,NA,NA,NA,NA,NA,"projected",-20.0284502809075,"projected",12461.571349048,NA,61.8934308915092,25.7761230802629,126.40402328968
"199",44450,"Tennessee","2020-06-28",49.9103961472308,28.8475,114.183333333333,16.1889578603371,9.65,36.3703216374269,14.207227003784,8.5,31.9513157894737,1.677,1,4,5.12558126934985,2.31539473684211,12.4263157894737,1.66312481940144,1,4,488.11,433,650,0,0,0,0,0,0,NA,NA,NA,NA,NA,NA,"projected",-20.0284502809075,"projected",12570.8458799775,NA,58.2480727187116,23.6190086656483,119.916961422423
"200",44451,"Tennessee","2020-06-29",47.1700175782594,26.69625,108.731578947368,15.300069126247,8.79625,34.1747807017544,13.4303394220846,7.7925,30.3744883040936,1.575,1,4,4.81937526659787,0,11.9486842105263,1.57666836945304,0.29875,3.84210526315789,489.685,434,653.025,0,0,0,0,0,0,NA,NA,NA,NA,NA,NA,"projected",-20.0284502809075,"projected",12680.1204109071,NA,54.7887898659566,21.5730216695694,113.685688914801
"201",44452,"Tennessee","2020-06-30",44.6529492604059,22.94875,105.402850877193,14.4671852253182,7.5975,32.9556286549708,12.6996501375989,6.35,28.8902777777778,1.476,1,3,4.59124908840729,0,11.7894736842105,1.493717750258,0.19875,3.72222222222222,491.161,435,656.05,0,0,0,0,0,0,NA,NA,NA,NA,NA,NA,"projected",-20.0284502809075,"projected",12789.3949418366,NA,51.4229792368775,19.6373201607261,107.858409868786
"202",44453,"Tennessee","2020-07-01",42.1443361025112,18.49875,97.6973684210526,13.6967457000344,6.25,31.4611111111111,12.0252216030272,5.3975,27.0777777777778,1.396,1,3,4.32539509803922,0,10.8902777777778,1.41792602339181,0.1,3.16907894736842,492.557,436,659.075,0,0,0,0,0,0,NA,NA,NA,NA,NA,NA,"projected",-20.0284502809075,"projected",12898.6694727662,NA,48.0881237095967,17.7798882123316,102.215015309863
"203",44454,"Tennessee","2020-07-02",39.9212045579635,14.645,92.3315058479532,12.9753004471964,5.0475,29.7291666666667,11.3987810457516,4.14875,25.7370614035088,1.32,1,3,4.08682571379429,0,9.72521929824561,1.34015483316133,0,3.00131578947368,493.877,436.975,662.075,0,0,0,0,0,0,NA,NA,NA,NA,NA,NA,"projected",-20.0284502809075,"projected",13007.9440036957,NA,44.8843148966767,16.0495625192998,96.6416849939152
"204",44455,"Tennessee","2020-07-03",37.7810347093223,10.83875,87.4452485380117,12.2897286721706,3.74875,28.5284356725146,10.7944786377709,2.94875,24.2868421052631,1.263,1,3,3.78362067423461,0,9.55614035087719,1.2638200378397,0,3.00138888888889,495.14,437.975,665.075,0,0,0,0,0,0,NA,NA,NA,NA,NA,NA,"projected",-20.0284502809075,"projected",13117.2185346253,NA,41.9726728658006,14.5168759803753,91.3260520607
"205",44456,"Tennessee","2020-07-04",35.6272136738906,6.54125,82.7239035087719,11.595860371517,2.65,26.7434210526316,10.1809160130719,1.9,23.2684210526316,1.207,0,3,3.49198133814929,0,8.79078947368421,1.16464850361197,0,2.78947368421053,496.347,438,667.1,0,0,0,0,0,0,NA,NA,NA,NA,NA,NA,"projected",-20.0284502809075,"projected",13226.4930655548,NA,39.309246998501,13.1511123461183,87.2988477450795
"206",44457,"Tennessee","2020-07-05",33.500405744754,3.49875,78.7489766081871,10.9212408496732,2.35,24.7304824561403,9.58792786377709,1.65,21.6851608187134,1.139,0,3,3.31221286549708,0,8.36973684210526,1.09694026487788,0,2.68421052631579,497.486,439,669.125,0,0,0,0,0,0,NA,NA,NA,NA,NA,NA,"projected",-20.0284502809075,"projected",13335.7675964844,NA,36.8311463071462,11.9149778993335,83.1722106487024
"207",44458,"Tennessee","2020-07-06",31.4287682834537,3.09875,73.6934210526316,10.2470326625387,2.05,23.2684210526316,8.98998319573443,1.44875,20.4230263157895,1.075,0,2,3.02318305813554,0,8.31622807017544,0.991385500515996,0,2.63157894736842,498.561,439,671.15,0,0,0,0,0,0,NA,NA,NA,NA,NA,NA,"projected",-20.0284502809075,"projected",13445.0421274139,NA,34.5838836770328,10.820551760844,79.316280563036
"208",44459,"Tennessee","2020-07-07",29.3201385276918,2.79875,69.9,9.59120491916065,1.74875,22.4815789473684,8.40468820089439,1.2,19.7907894736842,1.018,0,2,2.73519110767114,0,7.73815789473684,0.908248108015136,0,2.47368421052632,499.579,439,673.15,0,0,0,0,0,0,NA,NA,NA,NA,NA,NA,"projected",-20.0284502809075,"projected",13554.3166583434,NA,32.4825075737331,9.82498173143249,75.659610240953
"209",44460,"Tennessee","2020-07-08",27.2217325765394,2.5,66.3828947368421,8.93303833849329,1.49875,21.9473684210526,7.81283556931545,1.05,19.2222222222222,0.951,0,2,2.48285744754042,0,7.36893274853801,0.838568610251118,0,2.47368421052632,500.53,439,675.15,0,0,0,0,0,0,NA,NA,NA,NA,NA,NA,"projected",-20.0284502809075,"projected",13663.591189273,NA,30.4248366861986,8.88315986704547,72.3261316527612
"210",44461,"Tennessee","2020-07-09",25.1599720846233,2.24875,65.328947368421,8.30065708634331,1.2,21.1657894736842,7.25030273477812,0.85,18.6865497076023,0.882,0,2,2.25168474372205,0,7.52763157894737,0.769638854489164,0,2.33421052631579,501.412,439,677.15,0,0,0,0,0,0,NA,NA,NA,NA,NA,NA,"projected",-20.0284502809075,"projected",13772.8657202026,NA,28.4101089727655,7.99414760761429,69.045802190504
"211",44462,"Tennessee","2020-07-10",23.2266322669419,2,62.4812865497076,7.69224979360165,0.94875,21.0026315789474,6.70917084623323,0.69875,18.4776315789474,0.826,0,2,2.06048904368765,0,7.11127450980392,0.702408118335053,0,2.36893274853801,502.238,439,679.15,0,0,0,0,0,0,NA,NA,NA,NA,NA,NA,"projected",-20.0284502809075,"projected",13882.1402511321,NA,26.4997026696019,7.17960583553649,65.8609100888017
"212",44463,"Tennessee","2020-07-11",21.3271808393533,1.7,60.3402777777778,7.08032624699002,0.65,19.7933479532164,6.16104850361197,0.5,17.6315789473684,0.744,0,2,1.79535765393877,0,6.73684210526316,0.614201272789818,0,1.68684210526316,502.982,439,680.175,0,0,0,0,0,0,NA,NA,NA,NA,NA,NA,"projected",-20.0284502809075,"projected",13991.4147820617,NA,24.7219804596482,6.44633752095979,62.8245602758368
"213",44464,"Tennessee","2020-07-12",19.4096181974544,1.49875,56.2135964912281,6.50659843481252,0.49875,18.4881578947368,5.64212442380461,0.3,16.3842105263158,0.678,0,2,1.57481680426557,0,6.26447368421053,0.539940557275542,0,1.63157894736842,503.66,439,682.175,0,0,0,0,0,0,NA,NA,NA,NA,NA,NA,"projected",-20.0284502809075,"projected",14100.6893129912,NA,23.0794337944901,5.79041399480775,59.9553181458963
"214",44465,"Tennessee","2020-07-13",17.5541268145855,1.2,52.1165204678363,5.94947397660819,0.19875,17.325,5.14113902648779,0.1,15.2684210526316,0.622,0,2,1.35507292741658,0,6.10679824561403,0.475593292053664,0,1.63157894736842,504.282,439,684.175,0,0,0,0,0,0,NA,NA,NA,NA,NA,NA,"projected",-20.0284502809075,"projected",14209.9638439208,NA,21.5924453033842,5.21366723943502,57.2934124165447
"215",44466,"Tennessee","2020-07-14",15.7898373925009,0.94875,47.3473684210526,5.39506695906433,0,16.0552631578947,4.64788718610251,0,13.75,0.572,0,2,1.15930897832817,0,5.57894736842105,0.410519005847953,0,1.57947368421053,504.854,439,685.2,0,0,0,0,0,0,NA,NA,NA,NA,NA,NA,"projected",-20.0284502809075,"projected",14319.2383748503,NA,20.2322769811843,4.70156887664925,54.0357977335574
"216",44467,"Tennessee","2020-07-15",14.1611135706914,0.65,43.6684210526316,4.86993756449948,0,14.4276315789474,4.17995865153079,0,12.4815789473684,0.518,0,2,1.04005717234262,0,5.63203947368421,0.369025438596491,0,1.52631578947368,505.372,439,687.175,0,0,0,0,0,0,NA,NA,NA,NA,NA,NA,"projected",-20.0284502809075,"projected",14428.5129057799,NA,18.9709764351416,4.24124236588832,50.9750953572336
"217",44468,"Tennessee","2020-07-16",12.6693071035432,0.49875,40.378947368421,4.35864989680083,0,12.8474415204678,3.72902991056072,0,11.1109649122807,0.45,0,1,0.92860608875129,0,5.58026315789474,0.319532370141039,0,1.47368421052632,505.822,439,689.15,0,0,0,0,0,0,NA,NA,NA,NA,NA,NA,"projected",-20.0284502809075,"projected",14537.7874367094,NA,17.7866022858126,3.82312719314359,48.0731745713157
"218",44469,"Tennessee","2020-07-17",11.2906810629515,0.19875,38.2131578947368,3.91379418644651,0,12.1605263157895,3.34094315445476,0,10.5828947368421,0.393,0,1,0.83098746130031,0,5.21052631578947,0.287792793257654,0,1.44458333333333,506.215,439,691.125,0,0,0,0,0,0,NA,NA,NA,NA,NA,NA,"projected",-20.0284502809075,"projected",14647.0619676389,NA,16.6486639078986,3.43634064556099,45.7407235317631
"219",44470,"Tennessee","2020-07-18",10.0306277261782,0,36.2177631578947,3.49584005847953,0,11.7921052631579,2.97616627106983,0,10.3171052631579,0.338,0,1,0.701711334709322,0,5.21184210526316,0.245986136910905,0,1.47368421052632,506.553,439,693.1,0,0,0,0,0,0,NA,NA,NA,NA,NA,NA,"projected",-20.0284502809075,"projected",14756.3364985685,NA,15.5516474525183,3.07816094432492,43.6033793234965
"220",44471,"Tennessee","2020-07-19",8.92194054007568,0,35.4736842105263,3.12727010663915,0,11.5006578947368,2.65704442724458,0,10.0013157894737,0.291,0,1,0.628259012727898,0,5.16776315789474,0.216815548675611,0,1.41199690402477,506.844,439,694.1,0,0,0,0,0,0,NA,NA,NA,NA,NA,NA,"projected",-20.0284502809075,"projected",14865.6110294981,NA,14.5110864820844,2.75154888397083,41.5295577821787
"221",44472,"Tennessee","2020-07-20",7.91401922944616,0,34.7239035087719,2.79285687994496,0,11.1054093567251,2.36788799449604,0,9.73815789473684,0.264,0,1,0.523439284485724,0,4.79078947368421,0.186834881320949,0,1.33333333333333,507.108,439,695.1,0,0,0,0,0,0,NA,NA,NA,NA,NA,NA,"projected",-20.0284502809075,"projected",14974.8855604276,NA,13.5480201400109,2.46009802024346,39.3039101938484
"222",44473,"Tennessee","2020-07-21",7.01442196422429,0,34.368932748538,2.47390952872377,0,10.9472222222222,2.09302865497076,0,9.72258771929824,0.23,0,1,0.439567423460612,0,4.61293859649123,0.161621259029928,0,1.36842105263158,507.338,439,696.1,0,0,0,0,0,0,NA,NA,NA,NA,NA,NA,"projected",-20.0284502809075,"projected",15084.1600913571,NA,12.6703341462249,2.20334457054269,37.5092352567241
"223",44474,"Tennessee","2020-07-22",6.19889380804954,0,33.4263157894737,2.18489162366701,0,10.6324561403509,1.84273016855865,0,9.38888888888889,0.212,0,1,0.392483144134847,0,4.72390350877193,0.138620949432405,0,1.36842105263158,507.55,439,697.1,0,0,0,0,0,0,NA,NA,NA,NA,NA,NA,"projected",-20.0284502809075,"projected",15193.4346222867,NA,11.8649110615486,1.97215529568493,35.8378136962885
"224",44475,"Tennessee","2020-07-23",5.4202889748882,0,32.5815789473684,1.90631339869281,0,10.368932748538,1.60213157894737,0,9.26352339181286,0.177,0,1,0.316571207430341,0,4.33421052631579,0.117829893360853,0,1.36842105263158,507.727,439,698.1,0,0,0,0,0,0,NA,NA,NA,NA,NA,NA,"projected",-20.0284502809075,"projected",15302.7091532163,NA,11.1296791369747,1.76472868351266,34.2941222207853
"225",44476,"Tennessee","2020-07-24",4.73125842793258,0,31.9445175438596,1.66385963192294,0,10.0581140350877,1.39549047127623,0,9.05409356725146,0.154,0,1,0.283370141038872,0,4.33611111111111,0.0987475060199518,0,1.27777777777778,507.881,439,699.1,0,0,0,0,0,0,NA,NA,NA,NA,NA,NA,"projected",-20.0284502809075,"projected",15411.9836841458,NA,10.4469465877321,1.57929836839903,32.8394721605582
"226",44477,"Tennessee","2020-07-25",4.12725935672515,0,31.6324561403509,1.44685130718954,0,9.8890350877193,1.21214833161335,0,8.89597953216374,0.133,0,1,0.244659614723082,0,4.15811403508772,0.0839322325421397,0,1.26352339181287,508.014,439,700.1,0,0,0,0,0,0,NA,NA,NA,NA,NA,NA,"projected",-20.0284502809075,"projected",15521.2582150753,NA,9.79057651480752,1.40957838117611,31.4077253083233
"227",44478,"Tennessee","2020-07-26",3.55936375988992,0,31.0555555555556,1.24416100791194,0,9.63157894736842,1.04196363949088,0,8.72258771929824,0.115,0,1,0.195381320949432,0,3.66973684210526,0.0679029927760578,0,1.21081871345029,508.129,439,701.1,0,0,0,0,0,0,NA,NA,NA,NA,NA,NA,"projected",-20.0284502809075,"projected",15630.5327460049,NA,9.15844693738595,1.26332363989204,29.9932890855242
"228",44479,"Tennessee","2020-07-27",3.09207999656003,0,30.5083333333333,1.07578235294118,0,9.50065789473684,0.8993021499828,0,8.63157894736842,0.097,0,1,0.185733746130031,0,3.63157894736842,0.066140350877193,0,1.26352339181287,508.226,439,702.1,0,0,0,0,0,0,NA,NA,NA,NA,NA,NA,"projected",-20.0284502809075,"projected",15739.8072769344,NA,8.561200164482,1.13761242846958,28.6268476993777
"229",44480,"Tennessee","2020-07-28",2.68768608531132,0,29.8460526315789,0.927201014791882,0,9.16776315789473,0.774114602683179,0,8.31578947368421,0.081,0,1,0.152627278981768,0,3.39305555555555,0.0534441004471964,0,1.21052631578947,508.307,439,703.1,0,0,0,0,0,0,NA,NA,NA,NA,NA,NA,"projected",-20.0284502809075,"projected",15849.081807864,NA,8.02334825580008,1.0171756059397,27.3838190149749
"230",44481,"Tennessee","2020-07-29",2.32709141726866,0,29.8488304093567,0.80337693498452,0,8.9500730994152,0.669667629858961,0,8.31578947368421,0.07,0,1,0.137896800825593,0,3.16776315789474,0.0467082903336773,0,1.15921052631579,508.377,439,704.1,0,0,0,0,0,0,NA,NA,NA,NA,NA,NA,"projected",-20.0284502809075,"projected",15958.3563387936,NA,7.54326998292282,0.914126563817263,26.2664844015613
"231",44482,"Tennessee","2020-07-30",2.01213004815961,0,28.841447368421,0.697319435844513,0,8.43026315789473,0.580225128998968,0,7.84210526315789,0.059,0,1,0.109300137598899,0,2.5828947368421,0.0397352941176471,0,1.00138888888889,508.436,439,705.1,0,0,0,0,0,0,NA,NA,NA,NA,NA,NA,"projected",-20.0284502809075,"projected",16067.6308697231,NA,7.10614937269967,0.826061526313424,24.9641804420622
"232",44483,"Tennessee","2020-07-31",1.64038125214998,0,24.6116228070175,0.579248503611971,0,7.55694444444444,0.478180667354661,0,6.79334795321637,0.049,0,1,0,0,0,0.00991520467836257,0,0.210526315789474,508.485,439,706.1,0,0,0,0,0,0,NA,NA,NA,NA,NA,NA,"projected",-20.0284502809075,"projected",16176.9054006526,NA,6.70285434665903,0.747317872941494,23.9905268252827
"233",44484,"Tennessee","2020-08-01",1.31614029927761,0,20.0065789473684,0.477553525971792,0,6.5797514619883,0.389856931544548,0,5.89597953216374,0.046,0,1,0,0,0,0.0101205710354317,0,0.166666666666667,508.531,439,707.1,0,0,0,0,0,0,NA,NA,NA,NA,NA,NA,"projected",-20.0284502809075,"projected",16286.1799315822,NA,6.32307163595129,0.675634717568755,23.0559355132747
"234",44485,"Tennessee","2020-08-02",1.04793489852081,0,15.4881578947368,0.384451186790506,0,5.58252923976608,0.309047626418989,0,4.84736842105263,0.038,0,1,0,0,0,0.00673254213966288,0,0.105263157894737,508.569,439,708.075,0,0,0,0,0,0,NA,NA,NA,NA,NA,NA,"projected",-20.0284502809075,"projected",16395.4544625118,NA,5.96988268920779,0.611066953279078,22.1741112687858
"235",44486,"Tennessee","2020-08-03",0.807143653250774,0,12.1677631578947,0.299829927760578,0,4.26710526315789,0.236815909872721,0,3.66710526315789,0.033,0,1,0,0,0,0,0,0,508.602,439,709.05,0,0,0,0,0,0,NA,NA,NA,NA,NA,NA,"projected",-20.0284502809075,"projected",16504.7289934413,NA,5.64134430178814,0.552906891331077,21.3408383829752
"236",44487,"Tennessee","2020-08-04",0.600445442036464,0,8.1703947368421,0.225208978328173,0,3.15789473684211,0.17287908496732,0,2.44722222222222,0.027,0,1,0,0,0,0,0,0,508.629,439,710.025,0,0,0,0,0,0,NA,NA,NA,NA,NA,NA,"projected",-20.0284502809075,"projected",16614.0035243708,NA,5.31453342789877,0.497617691755295,20.4788194846595
"237",44488,"Tennessee","2020-08-05",0.415853663570691,0,4.12236842105262,0.16137908496732,0,2.36893274853801,0.118985552115583,0,1.73684210526316,0,0,0,0,0,0,0,0,0,508.629,439,710.025,0,0,0,0,0,0,NA,NA,NA,NA,NA,NA,"",NA,"projected",16723.2780553004,NA,NA,NA,NA
"238",44489,"Tennessee","2020-08-06",0.286451186790506,0,3.05555555555556,0.132631578947368,0,2.05679824561403,0.0980792913656691,0,1.52704678362573,0,0,0,0,0,0,0,0,0,508.629,439,710.025,0,0,0,0,0,0,NA,NA,NA,NA,NA,NA,"",NA,"projected",16832.5525862299,NA,NA,NA,NA
"239",44490,"Tennessee","2020-08-07",0.239829927760578,0,2.84210526315789,0.107699346405229,0,1.77938596491228,0.0801152390780874,0,1.36842105263158,0,0,0,0,0,0,0,0,0,508.629,439,710.025,0,0,0,0,0,0,NA,NA,NA,NA,NA,NA,"",NA,"projected",16941.8271171595,NA,NA,NA,NA
"240",44491,"Tennessee","2020-08-08",0.198208978328173,0,2.63245614035088,0.088796353629171,0,1.61162280701754,0.065734090127279,0,1.15811403508772,0,0,0,0,0,0,0,0,0,508.629,439,710.025,0,0,0,0,0,0,NA,NA,NA,NA,NA,NA,"",NA,"projected",17051.101648089,NA,NA,NA,NA
"241",44492,"Tennessee","2020-08-09",0.16137908496732,0,2.36893274853801,0.068656002751978,0,1.33421052631579,0.051375472996216,0,1.05263157894737,0,0,0,0,0,0,0,0,0,508.629,439,710.025,0,0,0,0,0,0,NA,NA,NA,NA,NA,NA,"",NA,"projected",17160.3761790186,NA,NA,NA,NA
"242",44493,"Tennessee","2020-08-10",0.132631578947368,0,2.05679824561403,0.0532119023047816,0,1.05394736842105,0.0397569659442724,0,0.842105263157895,0,0,0,0,0,0,0,0,0,508.629,439,710.025,0,0,0,0,0,0,NA,NA,NA,NA,NA,NA,"",NA,"projected",17269.6507099481,NA,NA,NA,NA
"243",44494,"Tennessee","2020-08-11",0.107699346405229,0,1.77938596491228,0.0395036119711042,0,0.789473684210526,0.0295672514619883,0,0.631578947368421,0,0,0,0,0,0,0,0,0,508.629,439,710.025,0,0,0,0,0,0,NA,NA,NA,NA,NA,NA,"",NA,"projected",17378.9252408777,NA,NA,NA,NA
"244",44495,"Tennessee","2020-08-12",0.088796353629171,0,1.61162280701754,0.0267683178534572,0,0.526315789473684,0.0200393876848985,0,0.445175438596491,0,0,0,0,0,0,0,0,0,508.629,439,710.025,0,0,0,0,0,0,NA,NA,NA,NA,NA,NA,"",NA,"projected",17488.1997718073,NA,NA,NA,NA
"245",44496,"Tennessee","2020-08-13",0.068656002751978,0,1.33421052631579,0.0168531131750946,0,0.316228070175438,0.0126025111799106,0,0.263157894736842,0,0,0,0,0,0,0,0,0,508.629,439,710.025,0,0,0,0,0,0,NA,NA,NA,NA,NA,NA,"",NA,"projected",17597.4743027368,NA,NA,NA,NA
"246",44497,"Tennessee","2020-08-14",0.0532119023047816,0,1.05394736842105,0.00673254213966288,0,0.105263157894737,0.00513828689370485,0,0.052704678362573,0,0,0,0,0,0,0,0,0,508.629,439,710.025,0,0,0,0,0,0,NA,NA,NA,NA,NA,NA,"",NA,"projected",17706.7488336663,NA,NA,NA,NA
"247",44498,"Tennessee","2020-08-15",0.0395036119711042,0,0.789473684210526,0,0,0,0,0,0,0,0,0,0,0,0,0,0,0,508.629,439,710.025,0,0,0,0,0,0,NA,NA,NA,NA,NA,NA,"",NA,"projected",17816.0233645959,NA,NA,NA,NA
"248",44499,"Tennessee","2020-08-16",0.0267683178534572,0,0.526315789473684,0,0,0,0,0,0,0,0,0,0,0,0,0,0,0,508.629,439,710.025,0,0,0,0,0,0,NA,NA,NA,NA,NA,NA,"",NA,"projected",17925.2978955255,NA,NA,NA,NA
"249",44500,"Tennessee","2020-08-17",0.0168531131750946,0,0.316228070175438,0,0,0,0,0,0,0,0,0,0,0,0,0,0,0,508.629,439,710.025,0,0,0,0,0,0,NA,NA,NA,NA,NA,NA,"",NA,"projected",18034.572426455,NA,NA,NA,NA
"250",44501,"Tennessee","2020-08-18",0.00673254213966288,0,0.105263157894737,0,0,0,0,0,0,0,0,0,0,0,0,0,0,0,508.629,439,710.025,0,0,0,0,0,0,NA,NA,NA,NA,NA,NA,"",NA,"projected",18143.8469573845,NA,NA,NA,NA
"251",44502,"Tennessee","2020-08-19",0,0,0,0,0,0,0,0,0,0,0,0,0,0,0,0,0,0,508.629,439,710.025,0,0,0,0,0,0,NA,NA,NA,NA,NA,NA,"",NA,"projected",18253.1214883141,NA,NA,NA,NA
"252",44503,"Tennessee","2020-08-20",0,0,0,0,0,0,0,0,0,0,0,0,0,0,0,0,0,0,508.629,439,710.025,0,0,0,0,0,0,NA,NA,NA,NA,NA,NA,"",NA,"projected",18362.3960192436,NA,NA,NA,NA
"253",44504,"Tennessee","2020-08-21",0,0,0,0,0,0,0,0,0,0,0,0,0,0,0,0,0,0,508.629,439,710.025,0,0,0,0,0,0,NA,NA,NA,NA,NA,NA,"",NA,"projected",18471.6705501732,NA,NA,NA,NA
"254",44505,"Tennessee","2020-08-22",0,0,0,0,0,0,0,0,0,0,0,0,0,0,0,0,0,0,508.629,439,710.025,0,0,0,0,0,0,NA,NA,NA,NA,NA,NA,"",NA,"projected",18580.9450811027,NA,NA,NA,NA
"255",44506,"Tennessee","2020-08-23",0,0,0,0,0,0,0,0,0,0,0,0,0,0,0,0,0,0,508.629,439,710.025,0,0,0,0,0,0,NA,NA,NA,NA,NA,NA,"",NA,"projected",18690.2196120322,NA,NA,NA,NA
"256",44507,"Tennessee","2020-08-24",0,0,0,0,0,0,0,0,0,0,0,0,0,0,0,0,0,0,508.629,439,710.025,0,0,0,0,0,0,NA,NA,NA,NA,NA,NA,"",NA,"projected",18799.4941429618,NA,NA,NA,NA
